---,ConstellationId,DisplayName,RA_Hours,Dec_Deg,LabelScale
Orion,"Orion","NSLOCTEXT(""DT_ConstellationLabels [B71BEBB31871830653E205622BCFF08B]"", ""Orion_DisplayName"", ""Orion"")","5.600000","15.000000","0.700000"
Taurus,"Taurus","NSLOCTEXT(""DT_ConstellationLabels [B71BEBB31871830653E205622BCFF08B]"", ""Taurus_DisplayName"", ""Taurus"")","4.476944","28.180429","0.700000"
Canis_Major,"CanisMajor","NSLOCTEXT(""DT_ConstellationLabels [B71BEBB31871830653E205622BCFF08B]"", ""Canis_Major_DisplayName"", ""Canis Major"")","6.752477","-10.716116","0.500000"
Andromeda,"Andromeda","NSLOCTEXT(""DT_ConstellationLabels [B71BEBB31871830653E205622BCFF08B]"", ""Andromeda_DisplayName"", ""Andromeda"")","0.398366","51.645058","0.700000"
Antlia,"Antlia","NSLOCTEXT(""DT_ConstellationLabels [B71BEBB31871830653E205622BCFF08B]"", ""Antlia_DisplayName"", ""Antlia"")","10.452528","-29.067779","0.700000"
Apus,"Apus","NSLOCTEXT(""DT_ConstellationLabels [B71BEBB31871830653E205622BCFF08B]"", ""Apus_DisplayName"", ""Apus"")","16.108529","-77.217435","0.300000"
Aquarius,"Aquarius","NSLOCTEXT(""DT_ConstellationLabels [B71BEBB31871830653E205622BCFF08B]"", ""Aquarius_DisplayName"", ""Aquarius"")","22.689723","-5.000000","0.700000"
Aquila,"Aquila","NSLOCTEXT(""DT_ConstellationLabels [B71BEBB31871830653E205622BCFF08B]"", ""Aquila_DisplayName"", ""Aquila"")","20.284642","5.032891","0.700000"
Ara,"Ara","NSLOCTEXT(""DT_ConstellationLabels [B71BEBB31871830653E205622BCFF08B]"", ""Ara_DisplayName"", ""Ara"")","17.420606","-48.576145","0.500000"
Aries,"Aries","NSLOCTEXT(""DT_ConstellationLabels [B71BEBB31871830653E205622BCFF08B]"", ""Aries_DisplayName"", ""Aries"")","2.333065","27.260507","0.700000"
Auriga,"Auriga","NSLOCTEXT(""DT_ConstellationLabels [B71BEBB31871830653E205622BCFF08B]"", ""Auriga_DisplayName"", ""Auriga"")","5.092121","50.338832","0.700000"
Bootes,"Bootes","NSLOCTEXT(""DT_ConstellationLabels [B71BEBB31871830653E205622BCFF08B]"", ""Bootes_DisplayName"", ""Boötes"")","14.805906","45.900540","0.700000"
Caelum,"Caelum","NSLOCTEXT(""DT_ConstellationLabels [B71BEBB31871830653E205622BCFF08B]"", ""Caelum_DisplayName"", ""Caelum"")","4.987206","-40.482978","0.400000"
Camelopardalis,"Camelopardalis","NSLOCTEXT(""DT_ConstellationLabels [B71BEBB31871830653E205622BCFF08B]"", ""Camelopardalis_DisplayName"", ""Camelopardalis"")","4.800215","73.835433","0.500000"
Cancer,"Cancer","NSLOCTEXT(""DT_ConstellationLabels [B71BEBB31871830653E205622BCFF08B]"", ""Cancer_DisplayName"", ""Cancer"")","8.778283","31.325846","0.700000"
Canes_Venatici,"CanesVenatici","NSLOCTEXT(""DT_ConstellationLabels [B71BEBB31871830653E205622BCFF08B]"", ""Canes_Venatici_DisplayName"", ""Canes Venatici"")","12.562374","43.357480","0.500000"
Canis_Minor,"CanisMinor","NSLOCTEXT(""DT_ConstellationLabels [B71BEBB31871830653E205622BCFF08B]"", ""Canis_Minor_DisplayName"", ""Canis Minor"")","7.852512","7.289315","0.300000"
Capricornus,"Capricornus","NSLOCTEXT(""DT_ConstellationLabels [B71BEBB31871830653E205622BCFF08B]"", ""Capricornus_DisplayName"", ""Capricornus"")","21.309051","-13.394910","0.700000"
Carina,"Carina","NSLOCTEXT(""DT_ConstellationLabels [B71BEBB31871830653E205622BCFF08B]"", ""Carina_DisplayName"", ""Carina"")","7.505202","-44.520483","0.700000"
Cassiopeia,"Cassiopeia","NSLOCTEXT(""DT_ConstellationLabels [B71BEBB31871830653E205622BCFF08B]"", ""Cassiopeia_DisplayName"", ""Cassiopeia"")","1.000000","64.670102","0.500000"
Centaurus,"Centaurus","NSLOCTEXT(""DT_ConstellationLabels [B71BEBB31871830653E205622BCFF08B]"", ""Centaurus_DisplayName"", ""Centaurus"")","13.946481","-33.412832","0.700000"
Cepheus,"Cepheus","NSLOCTEXT(""DT_ConstellationLabels [B71BEBB31871830653E205622BCFF08B]"", ""Cepheus_DisplayName"", ""Cepheus"")","21.655791","78.279371","0.500000"
Cetus,"Cetus","NSLOCTEXT(""DT_ConstellationLabels [B71BEBB31871830653E205622BCFF08B]"", ""Cetus_DisplayName"", ""Cetus"")","2.794684","13.362206","0.700000"
Chamaeleon,"Chamaeleon","NSLOCTEXT(""DT_ConstellationLabels [B71BEBB31871830653E205622BCFF08B]"", ""Chamaeleon_DisplayName"", ""Chamaeleon"")","10.831193","-76.919723","0.400000"
Circinus,"Circinus","NSLOCTEXT(""DT_ConstellationLabels [B71BEBB31871830653E205622BCFF08B]"", ""Circinus_DisplayName"", ""Circinus"")","15.340764","-56.801208","0.500000"
Columba,"Columba","NSLOCTEXT(""DT_ConstellationLabels [B71BEBB31871830653E205622BCFF08B]"", ""Columba_DisplayName"", ""Columba"")","5.871412","-31.936400","0.500000"
Coma_Berenices,"ComaBerenices","NSLOCTEXT(""DT_ConstellationLabels [B71BEBB31871830653E205622BCFF08B]"", ""Coma_Berenices_DisplayName"", ""Coma Berenices"")","12.823426","30.268423","0.500000"
Corona_Australis,"CoronaAustralis","NSLOCTEXT(""DT_ConstellationLabels [B71BEBB31871830653E205622BCFF08B]"", ""Corona_Australis_DisplayName"", ""Corona Australis"")","19.144001","-36.063437","0.300000"
Corona_Borealis,"CoronaBorealis","NSLOCTEXT(""DT_ConstellationLabels [B71BEBB31871830653E205622BCFF08B]"", ""Corona_Borealis_DisplayName"", ""Corona Borealis"")","15.878786","33.359133","0.300000"
Corvus,"Corvus","NSLOCTEXT(""DT_ConstellationLabels [B71BEBB31871830653E205622BCFF08B]"", ""Corvus_DisplayName"", ""Corvus"")","12.380587","-14.515433","0.500000"
Crater,"Crater","NSLOCTEXT(""DT_ConstellationLabels [B71BEBB31871830653E205622BCFF08B]"", ""Crater_DisplayName"", ""Crater"")","11.510765","-7.760359","0.700000"
Crux,"Crux","NSLOCTEXT(""DT_ConstellationLabels [B71BEBB31871830653E205622BCFF08B]"", ""Crux_DisplayName"", ""Crux"")","12.385927","-55.113212","0.500000"
Cygnus,"Cygnus","NSLOCTEXT(""DT_ConstellationLabels [B71BEBB31871830653E205622BCFF08B]"", ""Cygnus_DisplayName"", ""Cygnus"")","21.178856","50.401161","0.700000"
Delphinus,"Delphinus","NSLOCTEXT(""DT_ConstellationLabels [B71BEBB31871830653E205622BCFF08B]"", ""Delphinus_DisplayName"", ""Delphinus"")","20.697101","18.124296","0.500000"
Dorado,"Dorado","NSLOCTEXT(""DT_ConstellationLabels [B71BEBB31871830653E205622BCFF08B]"", ""Dorado_DisplayName"", ""Dorado"")","4.816856","-53.346738","0.400000"
Draco,"Draco","NSLOCTEXT(""DT_ConstellationLabels [B71BEBB31871830653E205622BCFF08B]"", ""Draco_DisplayName"", ""Draco"")","15.599276","65.432359","0.700000"
Equuleus,"Equuleus","NSLOCTEXT(""DT_ConstellationLabels [B71BEBB31871830653E205622BCFF08B]"", ""Equuleus_DisplayName"", ""Equuleus"")","21.206849","12.131580","0.500000"
Eridanus,"Eridanus","NSLOCTEXT(""DT_ConstellationLabels [B71BEBB31871830653E205622BCFF08B]"", ""Eridanus_DisplayName"", ""Eridanus"")","3.937664","0.000000","0.700000"
Fornax,"Fornax","NSLOCTEXT(""DT_ConstellationLabels [B71BEBB31871830653E205622BCFF08B]"", ""Fornax_DisplayName"", ""Fornax"")","2.638051","-26.987618","0.500000"
Gemini,"Gemini","NSLOCTEXT(""DT_ConstellationLabels [B71BEBB31871830653E205622BCFF08B]"", ""Gemini_DisplayName"", ""Gemini"")","7.213995","36.646507","0.700000"
Grus,"Grus","NSLOCTEXT(""DT_ConstellationLabels [B71BEBB31871830653E205622BCFF08B]"", ""Grus_DisplayName"", ""Grus"")","22.900362","-42.133709","0.700000"
Hercules,"Hercules","NSLOCTEXT(""DT_ConstellationLabels [B71BEBB31871830653E205622BCFF08B]"", ""Hercules_DisplayName"", ""Hercules"")","17.147133","42.099392","0.700000"
Horologium,"Horologium","NSLOCTEXT(""DT_ConstellationLabels [B71BEBB31871830653E205622BCFF08B]"", ""Horologium_DisplayName"", ""Horologium"")","3.233365","-52.552215","0.400000"
Hydra,"Hydra","NSLOCTEXT(""DT_ConstellationLabels [B71BEBB31871830653E205622BCFF08B]"", ""Hydra_DisplayName"", ""Hydra"")","9.225428","-5.000000","0.700000"
Hydrus,"Hydrus","NSLOCTEXT(""DT_ConstellationLabels [B71BEBB31871830653E205622BCFF08B]"", ""Hydrus_DisplayName"", ""Hydrus"")","1.979498","-79.315108","0.500000"
Indus,"Indus","NSLOCTEXT(""DT_ConstellationLabels [B71BEBB31871830653E205622BCFF08B]"", ""Indus_DisplayName"", ""Indus"")","21.426120","-49.291502","0.700000"
Lacerta,"Lacerta","NSLOCTEXT(""DT_ConstellationLabels [B71BEBB31871830653E205622BCFF08B]"", ""Lacerta_DisplayName"", ""Lacerta"")","22.440935","54.387472","0.700000"
Leo,"Leo","NSLOCTEXT(""DT_ConstellationLabels [B71BEBB31871830653E205622BCFF08B]"", ""Leo_DisplayName"", ""Leo"")","10.772108","25.794564","0.700000"
Leo_Minor,"LeoMinor","NSLOCTEXT(""DT_ConstellationLabels [B71BEBB31871830653E205622BCFF08B]"", ""Leo_Minor_DisplayName"", ""Leo Minor"")","10.262091","38.707212","0.500000"
Lepus,"Lepus","NSLOCTEXT(""DT_ConstellationLabels [B71BEBB31871830653E205622BCFF08B]"", ""Lepus_DisplayName"", ""Lepus"")","5.574494","-13.941292","0.500000"
Libra,"Libra","NSLOCTEXT(""DT_ConstellationLabels [B71BEBB31871830653E205622BCFF08B]"", ""Libra_DisplayName"", ""Libra"")","15.283449","-6.751330","0.800000"
Lupus,"Lupus","NSLOCTEXT(""DT_ConstellationLabels [B71BEBB31871830653E205622BCFF08B]"", ""Lupus_DisplayName"", ""Lupus"")","15.306376","-39.149398","0.500000"
Lynx,"Lynx","NSLOCTEXT(""DT_ConstellationLabels [B71BEBB31871830653E205622BCFF08B]"", ""Lynx_DisplayName"", ""Lynx"")","7.840833","50.980437","0.700000"
Lyra,"Lyra","NSLOCTEXT(""DT_ConstellationLabels [B71BEBB31871830653E205622BCFF08B]"", ""Lyra_DisplayName"", ""Lyra"")","18.700283","41.670123","0.500000"
Mensa,"Mensa","NSLOCTEXT(""DT_ConstellationLabels [B71BEBB31871830653E205622BCFF08B]"", ""Mensa_DisplayName"", ""Mensa"")","5.045277","-69.314300","0.500000"
Microscopium,"Microscopium","NSLOCTEXT(""DT_ConstellationLabels [B71BEBB31871830653E205622BCFF08B]"", ""Microscopium_DisplayName"", ""Microscopium"")","20.849562","-31.177974","0.300000"
Monoceros,"Monoceros","NSLOCTEXT(""DT_ConstellationLabels [B71BEBB31871830653E205622BCFF08B]"", ""Monoceros_DisplayName"", ""Monoceros"")","6.615679","0.000000","0.500000"
Musca,"Musca","NSLOCTEXT(""DT_ConstellationLabels [B71BEBB31871830653E205622BCFF08B]"", ""Musca_DisplayName"", ""Musca"")","12.361383","-65.728763","0.500000"
Norma,"Norma","NSLOCTEXT(""DT_ConstellationLabels [B71BEBB31871830653E205622BCFF08B]"", ""Norma_DisplayName"", ""Norma"")","16.280621","-43.173185","0.500000"
Octans,"Octans","NSLOCTEXT(""DT_ConstellationLabels [B71BEBB31871830653E205622BCFF08B]"", ""Octans_DisplayName"", ""Octans"")","21.691291","-75.390046","0.500000"
Ophiuchus,"Ophiuchus","NSLOCTEXT(""DT_ConstellationLabels [B71BEBB31871830653E205622BCFF08B]"", ""Ophiuchus_DisplayName"", ""Ophiuchus"")","18.117100","8.954200","0.700000"
Pavo,"Pavo","NSLOCTEXT(""DT_ConstellationLabels [B71BEBB31871830653E205622BCFF08B]"", ""Pavo_DisplayName"", ""Pavo"")","19.527461","-59.441057","0.700000"
Pegasus,"Pegasus","NSLOCTEXT(""DT_ConstellationLabels [B71BEBB31871830653E205622BCFF08B]"", ""Pegasus_DisplayName"", ""Pegasus"")","23.519311","32.336653","0.700000"
Perseus,"Perseus","NSLOCTEXT(""DT_ConstellationLabels [B71BEBB31871830653E205622BCFF08B]"", ""Perseus_DisplayName"", ""Perseus"")","3.563036","55.816445","0.600000"
Phoenix,"Phoenix","NSLOCTEXT(""DT_ConstellationLabels [B71BEBB31871830653E205622BCFF08B]"", ""Phoenix_DisplayName"", ""Phoenix"")","0.955414","-40.270800","0.700000"
Pictor,"Pictor","NSLOCTEXT(""DT_ConstellationLabels [B71BEBB31871830653E205622BCFF08B]"", ""Pictor_DisplayName"", ""Pictor"")","5.788080","-49.566514","0.400000"
Pisces,"Pisces","NSLOCTEXT(""DT_ConstellationLabels [B71BEBB31871830653E205622BCFF08B]"", ""Pisces_DisplayName"", ""Pisces"")","1.049312","10.396360","0.700000"
Piscis_Austrinus,"PiscisAustrinus","NSLOCTEXT(""DT_ConstellationLabels [B71BEBB31871830653E205622BCFF08B]"", ""Piscis_Austrinus_DisplayName"", ""Piscis Austrinus"")","22.177594","-25.043617","0.600000"
Puppis,"Puppis","NSLOCTEXT(""DT_ConstellationLabels [B71BEBB31871830653E205622BCFF08B]"", ""Puppis_DisplayName"", ""Puppis"")","7.785904","-21.033017","0.700000"
Pyxis,"Pyxis","NSLOCTEXT(""DT_ConstellationLabels [B71BEBB31871830653E205622BCFF08B]"", ""Pyxis_DisplayName"", ""Pyxis"")","8.842201","-25.709844","0.500000"
Reticulum,"Reticulum","NSLOCTEXT(""DT_ConstellationLabels [B71BEBB31871830653E205622BCFF08B]"", ""Reticulum_DisplayName"", ""Reticulum"")","4.126914","-58.302156","0.300000"
Sagitta,"Sagitta","NSLOCTEXT(""DT_ConstellationLabels [B71BEBB31871830653E205622BCFF08B]"", ""Sagitta_DisplayName"", ""Sagitta"")","19.980361","16.492148","0.500000"
Sagittarius,"Sagittarius","NSLOCTEXT(""DT_ConstellationLabels [B71BEBB31871830653E205622BCFF08B]"", ""Sagittarius_DisplayName"", ""Sagittarius"")","18.559426","-19.334038","0.600000"
Scorpius,"Scorpius","NSLOCTEXT(""DT_ConstellationLabels [B71BEBB31871830653E205622BCFF08B]"", ""Scorpius_DisplayName"", ""Scorpius"")","16.298700","-30.558430","0.500000"
Sculptor,"Sculptor","NSLOCTEXT(""DT_ConstellationLabels [B71BEBB31871830653E205622BCFF08B]"", ""Sculptor_DisplayName"", ""Sculptor"")","0.396098","-26.130268","0.700000"
Scutum,"Scutum","NSLOCTEXT(""DT_ConstellationLabels [B71BEBB31871830653E205622BCFF08B]"", ""Scutum_DisplayName"", ""Scutum"")","18.786242","-2.747867","0.600000"
Serpens,"Serpens","NSLOCTEXT(""DT_ConstellationLabels [B71BEBB31871830653E205622BCFF08B]"", ""Serpens_DisplayName"", ""Serpens"")","16.003876","8.502026","0.500000"
Sextans,"Sextans","NSLOCTEXT(""DT_ConstellationLabels [B71BEBB31871830653E205622BCFF08B]"", ""Sextans_DisplayName"", ""Sextans"")","10.376195","1.628363","0.600000"
Telescopium,"Telescopium","NSLOCTEXT(""DT_ConstellationLabels [B71BEBB31871830653E205622BCFF08B]"", ""Telescopium_DisplayName"", ""Telescopium"")","18.318358","-44.954418","0.300000"
Triangulum,"Triangulum","NSLOCTEXT(""DT_ConstellationLabels [B71BEBB31871830653E205622BCFF08B]"", ""Triangulum_DisplayName"", ""Triangulum"")","2.223819","36.987297","0.500000"
Triangulum_Australe,"TriangulumAustrale","NSLOCTEXT(""DT_ConstellationLabels [B71BEBB31871830653E205622BCFF08B]"", ""Triangulum_Australe_DisplayName"", ""Triangulum Australe"")","15.919045","-71.430727","0.300000"
Tucana,"Tucana","NSLOCTEXT(""DT_ConstellationLabels [B71BEBB31871830653E205622BCFF08B]"", ""Tucana_DisplayName"", ""Tucana"")","23.599426","-56.235734","0.600000"
Ursa_Major,"UrsaMajor","NSLOCTEXT(""DT_ConstellationLabels [B71BEBB31871830653E205622BCFF08B]"", ""Ursa_Major_DisplayName"", ""Ursa Major"")","10.932383","50.584467","0.700000"
Ursa_Minor,"UrsaMinor","NSLOCTEXT(""DT_ConstellationLabels [B71BEBB31871830653E205622BCFF08B]"", ""Ursa_Minor_DisplayName"", ""Ursa Minor"")","13.033623","83.900000","0.500000"
Vela,"Vela","NSLOCTEXT(""DT_ConstellationLabels [B71BEBB31871830653E205622BCFF08B]"", ""Vela_DisplayName"", ""Vela"")","9.629761","-38.303257","0.700000"
Virgo,"Virgo","NSLOCTEXT(""DT_ConstellationLabels [B71BEBB31871830653E205622BCFF08B]"", ""Virgo_DisplayName"", ""Virgo"")","13.394859","7.728788","0.700000"
Volans,"Volans","NSLOCTEXT(""DT_ConstellationLabels [B71BEBB31871830653E205622BCFF08B]"", ""Volans_DisplayName"", ""Volans"")","7.221378","-66.136890","0.500000"
Vulpecula,"Vulpecula","NSLOCTEXT(""DT_ConstellationLabels [B71BEBB31871830653E205622BCFF08B]"", ""Vulpecula_DisplayName"", ""Vulpecula"")","19.684726","25.664905","0.400000"
