---,ConstellationId,Constellation,Visible
Andromeda,"Andromeda","NSLOCTEXT(""DT_ConstellationsVisible [D5C67B9EF3E00B93B8AB67231D01DE56]"", ""Andromeda_Constellation"", ""Andromeda"")","False"
Antlia,"Antlia","NSLOCTEXT(""DT_ConstellationsVisible [D5C67B9EF3E00B93B8AB67231D01DE56]"", ""Antlia_Constellation"", ""Antlia"")","False"
Apus,"Apus","NSLOCTEXT(""DT_ConstellationsVisible [D5C67B9EF3E00B93B8AB67231D01DE56]"", ""Apus_Constellation"", ""Apus"")","False"
Aquarius,"Aquarius","NSLOCTEXT(""DT_ConstellationsVisible [D5C67B9EF3E00B93B8AB67231D01DE56]"", ""Aquarius_Constellation"", ""Aquarius"")","False"
Aquila,"Aquila","NSLOCTEXT(""DT_ConstellationsVisible [D5C67B9EF3E00B93B8AB67231D01DE56]"", ""Aquila_Constellation"", ""Aquila"")","False"
Ara,"Ara","NSLOCTEXT(""DT_ConstellationsVisible [D5C67B9EF3E00B93B8AB67231D01DE56]"", ""Ara_Constellation"", ""Ara"")","False"
Aries,"Aries","NSLOCTEXT(""DT_ConstellationsVisible [D5C67B9EF3E00B93B8AB67231D01DE56]"", ""Aries_Constellation"", ""Aries"")","False"
Auriga,"Auriga","NSLOCTEXT(""DT_ConstellationsVisible [D5C67B9EF3E00B93B8AB67231D01DE56]"", ""Auriga_Constellation"", ""Auriga"")","False"
Bootes,"Bootes","NSLOCTEXT(""DT_ConstellationsVisible [D5C67B9EF3E00B93B8AB67231D01DE56]"", ""Bootes_Constellation"", ""Boötes"")","False"
Caelum,"Caelum","NSLOCTEXT(""DT_ConstellationsVisible [D5C67B9EF3E00B93B8AB67231D01DE56]"", ""Caelum_Constellation"", ""Caelum"")","False"
Camelopardalis,"Camelopardalis","NSLOCTEXT(""DT_ConstellationsVisible [D5C67B9EF3E00B93B8AB67231D01DE56]"", ""Camelopardalis_Constellation"", ""Camelopardalis"")","False"
Cancer,"Cancer","NSLOCTEXT(""DT_ConstellationsVisible [D5C67B9EF3E00B93B8AB67231D01DE56]"", ""Cancer_Constellation"", ""Cancer"")","False"
Canes_Venatici,"CanesVenatici","NSLOCTEXT(""DT_ConstellationsVisible [D5C67B9EF3E00B93B8AB67231D01DE56]"", ""Canes_Venatici_Constellation"", ""Canes Venatici"")","False"
Canis_Major,"CanisMajor","NSLOCTEXT(""DT_ConstellationsVisible [D5C67B9EF3E00B93B8AB67231D01DE56]"", ""Canis_Major_Constellation"", ""Canis Major"")","False"
Canis_Minor,"CanisMinor","NSLOCTEXT(""DT_ConstellationsVisible [D5C67B9EF3E00B93B8AB67231D01DE56]"", ""Canis_Minor_Constellation"", ""Canis Minor"")","False"
Capricornus,"Capricornus","NSLOCTEXT(""DT_ConstellationsVisible [D5C67B9EF3E00B93B8AB67231D01DE56]"", ""Capricornus_Constellation"", ""Capricornus"")","False"
Carina,"Carina","NSLOCTEXT(""DT_ConstellationsVisible [D5C67B9EF3E00B93B8AB67231D01DE56]"", ""Carina_Constellation"", ""Carina"")","False"
Cassiopeia,"Cassiopeia","NSLOCTEXT(""DT_ConstellationsVisible [D5C67B9EF3E00B93B8AB67231D01DE56]"", ""Cassiopeia_Constellation"", ""Cassiopeia"")","False"
Centaurus,"Centaurus","NSLOCTEXT(""DT_ConstellationsVisible [D5C67B9EF3E00B93B8AB67231D01DE56]"", ""Centaurus_Constellation"", ""Centaurus"")","False"
Cepheus,"Cepheus","NSLOCTEXT(""DT_ConstellationsVisible [D5C67B9EF3E00B93B8AB67231D01DE56]"", ""Cepheus_Constellation"", ""Cepheus"")","False"
Cetus,"Cetus","NSLOCTEXT(""DT_ConstellationsVisible [D5C67B9EF3E00B93B8AB67231D01DE56]"", ""Cetus_Constellation"", ""Cetus"")","False"
Chamaeleon,"Chamaeleon","NSLOCTEXT(""DT_ConstellationsVisible [D5C67B9EF3E00B93B8AB67231D01DE56]"", ""Chamaeleon_Constellation"", ""Chamaeleon"")","False"
Circinus,"Circinus","NSLOCTEXT(""DT_ConstellationsVisible [D5C67B9EF3E00B93B8AB67231D01DE56]"", ""Circinus_Constellation"", ""Circinus"")","False"
Columba,"Columba","NSLOCTEXT(""DT_ConstellationsVisible [D5C67B9EF3E00B93B8AB67231D01DE56]"", ""Columba_Constellation"", ""Columba"")","False"
Coma_Berenices,"ComaBerenices","NSLOCTEXT(""DT_ConstellationsVisible [D5C67B9EF3E00B93B8AB67231D01DE56]"", ""Coma_Berenices_Constellation"", ""Coma Berenices"")","False"
Corona_Australis,"CoronaAustralis","NSLOCTEXT(""DT_ConstellationsVisible [D5C67B9EF3E00B93B8AB67231D01DE56]"", ""Corona_Australis_Constellation"", ""Corona Australis"")","False"
Corona_Borealis,"CoronaBorealis","NSLOCTEXT(""DT_ConstellationsVisible [D5C67B9EF3E00B93B8AB67231D01DE56]"", ""Corona_Borealis_Constellation"", ""Corona Borealis"")","False"
Corvus,"Corvus","NSLOCTEXT(""DT_ConstellationsVisible [D5C67B9EF3E00B93B8AB67231D01DE56]"", ""Corvus_Constellation"", ""Corvus"")","False"
Crater,"Crater","NSLOCTEXT(""DT_ConstellationsVisible [D5C67B9EF3E00B93B8AB67231D01DE56]"", ""Crater_Constellation"", ""Crater"")","False"
Crux,"Crux","NSLOCTEXT(""DT_ConstellationsVisible [D5C67B9EF3E00B93B8AB67231D01DE56]"", ""Crux_Constellation"", ""Crux"")","False"
Cygnus,"Cygnus","NSLOCTEXT(""DT_ConstellationsVisible [D5C67B9EF3E00B93B8AB67231D01DE56]"", ""Cygnus_Constellation"", ""Cygnus"")","False"
Delphinus,"Delphinus","NSLOCTEXT(""DT_ConstellationsVisible [D5C67B9EF3E00B93B8AB67231D01DE56]"", ""Delphinus_Constellation"", ""Delphinus"")","False"
Dorado,"Dorado","NSLOCTEXT(""DT_ConstellationsVisible [D5C67B9EF3E00B93B8AB67231D01DE56]"", ""Dorado_Constellation"", ""Dorado"")","False"
Draco,"Draco","NSLOCTEXT(""DT_ConstellationsVisible [D5C67B9EF3E00B93B8AB67231D01DE56]"", ""Draco_Constellation"", ""Draco"")","False"
Equuleus,"Equuleus","NSLOCTEXT(""DT_ConstellationsVisible [D5C67B9EF3E00B93B8AB67231D01DE56]"", ""Equuleus_Constellation"", ""Equuleus"")","False"
Eridanus,"Eridanus","NSLOCTEXT(""DT_ConstellationsVisible [D5C67B9EF3E00B93B8AB67231D01DE56]"", ""Eridanus_Constellation"", ""Eridanus"")","False"
Fornax,"Fornax","NSLOCTEXT(""DT_ConstellationsVisible [D5C67B9EF3E00B93B8AB67231D01DE56]"", ""Fornax_Constellation"", ""Fornax"")","False"
Gemini,"Gemini","NSLOCTEXT(""DT_ConstellationsVisible [D5C67B9EF3E00B93B8AB67231D01DE56]"", ""Gemini_Constellation"", ""Gemini"")","False"
Grus,"Grus","NSLOCTEXT(""DT_ConstellationsVisible [D5C67B9EF3E00B93B8AB67231D01DE56]"", ""Grus_Constellation"", ""Grus"")","False"
Hercules,"Hercules","NSLOCTEXT(""DT_ConstellationsVisible [D5C67B9EF3E00B93B8AB67231D01DE56]"", ""Hercules_Constellation"", ""Hercules"")","False"
Horologium,"Horologium","NSLOCTEXT(""DT_ConstellationsVisible [D5C67B9EF3E00B93B8AB67231D01DE56]"", ""Horologium_Constellation"", ""Horologium"")","False"
Hydra,"Hydra","NSLOCTEXT(""DT_ConstellationsVisible [D5C67B9EF3E00B93B8AB67231D01DE56]"", ""Hydra_Constellation"", ""Hydra"")","False"
Hydrus,"Hydrus","NSLOCTEXT(""DT_ConstellationsVisible [D5C67B9EF3E00B93B8AB67231D01DE56]"", ""Hydrus_Constellation"", ""Hydrus"")","False"
Indus,"Indus","NSLOCTEXT(""DT_ConstellationsVisible [D5C67B9EF3E00B93B8AB67231D01DE56]"", ""Indus_Constellation"", ""Indus"")","False"
Lacerta,"Lacerta","NSLOCTEXT(""DT_ConstellationsVisible [D5C67B9EF3E00B93B8AB67231D01DE56]"", ""Lacerta_Constellation"", ""Lacerta"")","False"
Leo,"Leo","NSLOCTEXT(""DT_ConstellationsVisible [D5C67B9EF3E00B93B8AB67231D01DE56]"", ""Leo_Constellation"", ""Leo"")","False"
Leo_Minor,"LeoMinor","NSLOCTEXT(""DT_ConstellationsVisible [D5C67B9EF3E00B93B8AB67231D01DE56]"", ""Leo_Minor_Constellation"", ""Leo Minor"")","False"
Lepus,"Lepus","NSLOCTEXT(""DT_ConstellationsVisible [D5C67B9EF3E00B93B8AB67231D01DE56]"", ""Lepus_Constellation"", ""Lepus"")","False"
Libra,"Libra","NSLOCTEXT(""DT_ConstellationsVisible [D5C67B9EF3E00B93B8AB67231D01DE56]"", ""Libra_Constellation"", ""Libra"")","False"
Lupus,"Lupus","NSLOCTEXT(""DT_ConstellationsVisible [D5C67B9EF3E00B93B8AB67231D01DE56]"", ""Lupus_Constellation"", ""Lupus"")","False"
Lynx,"Lynx","NSLOCTEXT(""DT_ConstellationsVisible [D5C67B9EF3E00B93B8AB67231D01DE56]"", ""Lynx_Constellation"", ""Lynx"")","False"
Lyra,"Lyra","NSLOCTEXT(""DT_ConstellationsVisible [D5C67B9EF3E00B93B8AB67231D01DE56]"", ""Lyra_Constellation"", ""Lyra"")","False"
Mensa,"Mensa","NSLOCTEXT(""DT_ConstellationsVisible [D5C67B9EF3E00B93B8AB67231D01DE56]"", ""Mensa_Constellation"", ""Mensa"")","False"
Microscopium,"Microscopium","NSLOCTEXT(""DT_ConstellationsVisible [D5C67B9EF3E00B93B8AB67231D01DE56]"", ""Microscopium_Constellation"", ""Microscopium"")","False"
Monoceros,"Monoceros","NSLOCTEXT(""DT_ConstellationsVisible [D5C67B9EF3E00B93B8AB67231D01DE56]"", ""Monoceros_Constellation"", ""Monoceros"")","False"
Musca,"Musca","NSLOCTEXT(""DT_ConstellationsVisible [D5C67B9EF3E00B93B8AB67231D01DE56]"", ""Musca_Constellation"", ""Musca"")","False"
Norma,"Norma","NSLOCTEXT(""DT_ConstellationsVisible [D5C67B9EF3E00B93B8AB67231D01DE56]"", ""Norma_Constellation"", ""Norma"")","False"
Octans,"Octans","NSLOCTEXT(""DT_ConstellationsVisible [D5C67B9EF3E00B93B8AB67231D01DE56]"", ""Octans_Constellation"", ""Octans"")","False"
Ophiuchus,"Ophiuchus","NSLOCTEXT(""DT_ConstellationsVisible [D5C67B9EF3E00B93B8AB67231D01DE56]"", ""Ophiuchus_Constellation"", ""Ophiuchus"")","False"
Orion,"Orion","NSLOCTEXT(""DT_ConstellationsVisible [D5C67B9EF3E00B93B8AB67231D01DE56]"", ""Orion_Constellation"", ""Orion"")","False"
Pavo,"Pavo","NSLOCTEXT(""DT_ConstellationsVisible [D5C67B9EF3E00B93B8AB67231D01DE56]"", ""Pavo_Constellation"", ""Pavo"")","False"
Pegasus,"Pegasus","NSLOCTEXT(""DT_ConstellationsVisible [D5C67B9EF3E00B93B8AB67231D01DE56]"", ""Pegasus_Constellation"", ""Pegasus"")","False"
Perseus,"Perseus","NSLOCTEXT(""DT_ConstellationsVisible [D5C67B9EF3E00B93B8AB67231D01DE56]"", ""Perseus_Constellation"", ""Perseus"")","False"
Phoenix,"Phoenix","NSLOCTEXT(""DT_ConstellationsVisible [D5C67B9EF3E00B93B8AB67231D01DE56]"", ""Phoenix_Constellation"", ""Phoenix"")","False"
Pictor,"Pictor","NSLOCTEXT(""DT_ConstellationsVisible [D5C67B9EF3E00B93B8AB67231D01DE56]"", ""Pictor_Constellation"", ""Pictor"")","False"
Pisces,"Pisces","NSLOCTEXT(""DT_ConstellationsVisible [D5C67B9EF3E00B93B8AB67231D01DE56]"", ""Pisces_Constellation"", ""Pisces"")","False"
Piscis_Austrinus,"PiscisAustrinus","NSLOCTEXT(""DT_ConstellationsVisible [D5C67B9EF3E00B93B8AB67231D01DE56]"", ""Piscis_Austrinus_Constellation"", ""Piscis Austrinus"")","False"
Puppis,"Puppis","NSLOCTEXT(""DT_ConstellationsVisible [D5C67B9EF3E00B93B8AB67231D01DE56]"", ""Puppis_Constellation"", ""Puppis"")","False"
Pyxis,"Pyxis","NSLOCTEXT(""DT_ConstellationsVisible [D5C67B9EF3E00B93B8AB67231D01DE56]"", ""Pyxis_Constellation"", ""Pyxis"")","False"
Reticulum,"Reticulum","NSLOCTEXT(""DT_ConstellationsVisible [D5C67B9EF3E00B93B8AB67231D01DE56]"", ""Reticulum_Constellation"", ""Reticulum"")","False"
Sagitta,"Sagitta","NSLOCTEXT(""DT_ConstellationsVisible [D5C67B9EF3E00B93B8AB67231D01DE56]"", ""Sagitta_Constellation"", ""Sagitta"")","False"
Sagittarius,"Sagittarius","NSLOCTEXT(""DT_ConstellationsVisible [D5C67B9EF3E00B93B8AB67231D01DE56]"", ""Sagittarius_Constellation"", ""Sagittarius"")","False"
Scorpius,"Scorpius","NSLOCTEXT(""DT_ConstellationsVisible [D5C67B9EF3E00B93B8AB67231D01DE56]"", ""Scorpius_Constellation"", ""Scorpius"")","False"
Sculptor,"Sculptor","NSLOCTEXT(""DT_ConstellationsVisible [D5C67B9EF3E00B93B8AB67231D01DE56]"", ""Sculptor_Constellation"", ""Sculptor"")","False"
Scutum,"Scutum","NSLOCTEXT(""DT_ConstellationsVisible [D5C67B9EF3E00B93B8AB67231D01DE56]"", ""Scutum_Constellation"", ""Scutum"")","False"
Serpens,"Serpens","NSLOCTEXT(""DT_ConstellationsVisible [D5C67B9EF3E00B93B8AB67231D01DE56]"", ""Serpens_Constellation"", ""Serpens"")","False"
Sextans,"Sextans","NSLOCTEXT(""DT_ConstellationsVisible [D5C67B9EF3E00B93B8AB67231D01DE56]"", ""Sextans_Constellation"", ""Sextans"")","False"
Taurus,"Taurus","NSLOCTEXT(""DT_ConstellationsVisible [D5C67B9EF3E00B93B8AB67231D01DE56]"", ""Taurus_Constellation"", ""Taurus"")","False"
Telescopium,"Telescopium","NSLOCTEXT(""DT_ConstellationsVisible [D5C67B9EF3E00B93B8AB67231D01DE56]"", ""Telescopium_Constellation"", ""Telescopium"")","False"
Triangulum,"Triangulum","NSLOCTEXT(""DT_ConstellationsVisible [D5C67B9EF3E00B93B8AB67231D01DE56]"", ""Triangulum_Constellation"", ""Triangulum"")","False"
Triangulum_Australe,"TriangulumAustrale","NSLOCTEXT(""DT_ConstellationsVisible [D5C67B9EF3E00B93B8AB67231D01DE56]"", ""Triangulum_Australe_Constellation"", ""Triangulum Australe"")","False"
Tucana,"Tucana","NSLOCTEXT(""DT_ConstellationsVisible [D5C67B9EF3E00B93B8AB67231D01DE56]"", ""Tucana_Constellation"", ""Tucana"")","False"
Ursa_Major,"UrsaMajor","NSLOCTEXT(""DT_ConstellationsVisible [D5C67B9EF3E00B93B8AB67231D01DE56]"", ""Ursa_Major_Constellation"", ""Ursa Major"")","False"
Ursa_Minor,"UrsaMinor","NSLOCTEXT(""DT_ConstellationsVisible [D5C67B9EF3E00B93B8AB67231D01DE56]"", ""Ursa_Minor_Constellation"", ""Ursa Minor"")","False"
Vela,"Vela","NSLOCTEXT(""DT_ConstellationsVisible [D5C67B9EF3E00B93B8AB67231D01DE56]"", ""Vela_Constellation"", ""Vela"")","False"
Virgo,"Virgo","NSLOCTEXT(""DT_ConstellationsVisible [D5C67B9EF3E00B93B8AB67231D01DE56]"", ""Virgo_Constellation"", ""Virgo"")","False"
Volans,"Volans","NSLOCTEXT(""DT_ConstellationsVisible [D5C67B9EF3E00B93B8AB67231D01DE56]"", ""Volans_Constellation"", ""Volans"")","False"
Vulpecula,"Vulpecula","NSLOCTEXT(""DT_ConstellationsVisible [D5C67B9EF3E00B93B8AB67231D01DE56]"", ""Vulpecula_Constellation"", ""Vulpecula"")","False"
