---,ConstellationId,StarA,StarB,StarA_RA_Hours,StarA_Dec_Deg,StarB_RA_Hours,StarB_Dec_Deg
Orion_1,"Orion","Meissa","Betelgeuse","5.585633","9.934167","5.919525","7.407028"
Orion_2,"Orion","Meissa","Bellatrix","5.585633","9.934167","5.418853","6.349722"
Orion_3,"Orion","Betelgeuse","MuOrionis","5.919525","7.407028","6.039719","9.647361"
Orion_4,"Orion","MuOrionis","NuOrionis","6.039719","9.647361","6.126200","14.768528"
Orion_5,"Orion","MuOrionis","XiOrionis","6.039719","9.647361","6.199000","14.208806"
Orion_6,"Orion","XiOrionis","Chi2Orionis","6.199000","14.208806","6.065328","20.138472"
Orion_7,"Orion","NuOrionis","Chi1Orionis","6.126200","14.768528","5.906411","20.276417"
Orion_8,"Orion","NuOrionis","XiOrionis","6.126200","14.768528","6.199000","14.208806"
Orion_9,"Orion","Betelgeuse","Bellatrix","5.919525","7.407028","5.418853","6.349722"
Orion_10,"Orion","Bellatrix","Tabit","5.418853","6.349722","4.830594","6.961250"
Orion_11,"Orion","Tabit","Pi2Orionis","4.830594","6.961250","4.843533","8.900250"
Orion_12,"Orion","Pi2Orionis","Pi1Orionis","4.843533","8.900250","4.914917","10.151139"
Orion_13,"Orion","Tabit","Pi4Orionis","4.830594","6.961250","4.853436","5.605111"
Orion_14,"Orion","Pi4Orionis","Pi5Orionis","4.853436","5.605111","4.904194","2.440667"
Orion_15,"Orion","Pi5Orionis","Pi6Orionis","4.904194","2.440667","4.975806","1.714028"
Orion_16,"Orion","Betelgeuse","Alnitak","5.919525","7.407028","5.679311","-1.942583"
Orion_17,"Orion","Bellatrix","Mintaka","5.418853","6.349722","5.533444","-0.299083"
Orion_18,"Orion","Alnitak","Alnilam","5.679311","-1.942583","5.603558","-1.201917"
Orion_19,"Orion","Alnilam","Mintaka","5.603558","-1.201917","5.533444","-0.299083"
Orion_20,"Orion","Alnitak","Saiph","5.679311","-1.942583","5.795942","-9.669611"
Orion_21,"Orion","Mintaka","Rigel","5.533444","-0.299083","5.242297","-8.201639"
Orion_22,"Orion","Saiph","Rigel","5.795942","-9.669611","5.242297","-8.201639"
Taurus_1,"Taurus","Elnath","TauTauri","5.438198","28.607452","4.704084","22.956923"
Taurus_2,"Taurus","TauTauri","Ain","4.704084","22.956923","4.476944","19.180429"
Taurus_3,"Taurus","Aldebaran","ZetaTauri","4.598678","16.509302","5.627411","21.142583"
Taurus_4,"Taurus","GammaTauri","Delta1Tauri","4.329890","15.627643","4.382248","17.542514"
Taurus_5,"Taurus","GammaTauri","LambdaTauri","4.329890","15.627643","4.011339","12.490389"
Taurus_6,"Taurus","LambdaTauri","OmicronTauri","4.011339","12.490389","3.413567","9.029056"
Taurus_7,"Taurus","Aldebaran","Ain","4.598678","16.509302","4.476944","19.180429"
Taurus_8,"Taurus","Aldebaran","Theta2Tauri","4.598678","16.509302","4.477706","15.870882"
Taurus_9,"Taurus","Theta2Tauri","GammaTauri","4.477706","15.870882","4.329890","15.627643"
Taurus_10,"Taurus","Ain","Delta3Tauri","4.476944","19.180429","4.424811","17.928000"
Taurus_11,"Taurus","Delta3Tauri","Delta1Tauri","4.424811","17.928000","4.382248","17.542514"
Taurus_12,"Taurus","Delta1Tauri","Alcyone","4.382248","17.542514","3.791410","24.105136"
CanisMajor_1,"CanisMajor","ThetaCanisMajoris","Muliphein","6.903166","-12.038630","7.062637","-15.633286"
CanisMajor_2,"CanisMajor","Muliphein","IotaCanisMajoris","7.062637","-15.633286","6.935619","-17.054250"
CanisMajor_3,"CanisMajor","IotaCanisMajoris","Sirius","6.935619","-17.054250","6.752477","-16.716116"
CanisMajor_4,"CanisMajor","Sirius","Omicron2CanisMajoris","6.752477","-16.716116","7.050409","-23.833292"
CanisMajor_5,"CanisMajor","Omicron2CanisMajoris","Wezen","7.050409","-23.833292","7.139857","-26.393200"
CanisMajor_6,"CanisMajor","Wezen","OmegaCanisMajoris","7.139857","-26.393200","7.246850","-26.772694"
CanisMajor_7,"CanisMajor","OmegaCanisMajoris","Aludra","7.246850","-26.772694","7.401584","-29.303106"
CanisMajor_8,"CanisMajor","Adhara","Unurgunite","6.977097","-28.972086","7.028652","-27.934831"
CanisMajor_9,"CanisMajor","Unurgunite","Wezen","7.028652","-27.934831","7.139857","-26.393200"
CanisMajor_10,"CanisMajor","Unurgunite","EZCanisMajoris","7.028652","-27.934831","6.903625","-23.928361"
CanisMajor_11,"CanisMajor","EZCanisMajoris","Nu2CanisMajoris","6.903625","-23.928361","6.611399","-19.255881"
CanisMajor_12,"CanisMajor","Nu2CanisMajoris","Xi2CanisMajoris","6.611399","-19.255881","6.584275","-22.964788"
CanisMajor_13,"CanisMajor","Nu2CanisMajoris","Mirzam","6.611399","-19.255881","6.378329","-17.955919"
CanisMajor_14,"CanisMajor","Nu2CanisMajoris","Sirius","6.611399","-19.255881","6.752477","-16.716116"
CanisMajor_15,"CanisMajor","Adhara","KappaCanisMajoris","6.977097","-28.972086","6.830683","-32.508478"
CanisMajor_16,"CanisMajor","Furud","Adhara","6.338553","-30.063367","6.977097","-28.972086"
CanisMajor_17,"CanisMajor","IotaCanisMajoris","ThetaCanisMajoris","6.935619","-17.054250","6.903166","-12.038630"
Andromeda_1,"Andromeda","Alpheratz_Andromeda","HIP3092_Andromeda","0.139794","29.090432","0.655465","30.861024"
Andromeda_2,"Andromeda","HIP3092_Andromeda","Mirach_Andromeda","0.655465","30.861024","1.162201","35.620558"
Andromeda_3,"Andromeda","Mirach_Andromeda","Almach_Andromeda","1.162201","35.620558","2.064987","42.329725"
Andromeda_4,"Andromeda","HIP113726_Andromeda","HIP116631_Andromeda","23.032018","42.325979","23.635611","43.268073"
Andromeda_5,"Andromeda","HIP116631_Andromeda","HIP116805_Andromeda","23.635611","43.268073","23.673474","44.333932"
Andromeda_6,"Andromeda","HIP116805_Andromeda","HIP116584_Andromeda","23.673474","44.333932","23.626067","46.458152"
Andromeda_7,"Andromeda","HIP116631_Andromeda","HIP1473_Andromeda","23.635611","43.268073","0.305460","36.785224"
Andromeda_8,"Andromeda","HIP1473_Andromeda","HIP2912_Andromeda","0.305460","36.785224","0.614680","33.719344"
Andromeda_9,"Andromeda","HIP2912_Andromeda","HIP3092_Andromeda","0.614680","33.719344","0.655465","30.861024"
Andromeda_10,"Andromeda","HIP2912_Andromeda","Mirach_Andromeda","0.614680","33.719344","1.162201","35.620558"
Andromeda_11,"Andromeda","Mirach_Andromeda","HIP4436_Andromeda","1.162201","35.620558","0.945892","38.499345"
Andromeda_12,"Andromeda","HIP4436_Andromeda","HIP3881_Andromeda","0.945892","38.499345","0.830235","41.078911"
Andromeda_13,"Andromeda","HIP3881_Andromeda","HIP5434_Andromeda","0.830235","41.078911","1.158368","47.241792"
Andromeda_14,"Andromeda","HIP5434_Andromeda","Nembus_Andromeda","1.158368","47.241792","1.633210","48.628213"
Andromeda_15,"Andromeda","HIP3092_Andromeda","HIP3031_Andromeda","0.655465","30.861024","0.642596","29.311751"
Andromeda_16,"Andromeda","HIP3031_Andromeda","HIP3693_Andromeda","0.642596","29.311751","0.788979","24.267178"
Andromeda_17,"Andromeda","HIP3693_Andromeda","HIP4463_Andromeda","0.788979","24.267178","0.953444","23.417648"
Antlia_1,"Antlia","HIP53502_Antlia","HIP51172_Antlia","10.945292","-37.137766","10.452528","-31.067779"
Antlia_2,"Antlia","HIP51172_Antlia","HIP46515_Antlia","10.452528","-31.067779","9.487422","-35.951335"
Apus_1,"Apus","HIP72370_Apus","HIP81065_Apus","14.797697","-79.044751","16.557523","-78.897148"
Apus_2,"Apus","HIP80047_Apus","HIP81852_Apus","16.339113","-78.695745","16.717960","-77.517435"
Apus_3,"Apus","HIP81852_Apus","HIP81065_Apus","16.717960","-77.517435","16.557523","-78.897148"
Aquila_1,"Aquila","Alshain_Aquila","Altair_Aquila","19.921887","6.406763","19.846389","8.868322"
Aquila_2,"Aquila","Altair_Aquila","Tarazed_Aquila","19.846389","8.868322","19.770994","10.613261"
Aquila_3,"Aquila","Tarazed_Aquila","AlmizanI_Aquila","19.770994","10.613261","19.424972","3.114775"
Aquila_4,"Aquila","AlmizanI_Aquila","AlThalimainPrior_Aquila","19.424972","3.114775","19.104150","-4.882554"
Aquila_5,"Aquila","AlmizanI_Aquila","Okab_Aquila","19.424972","3.114775","19.090169","13.863478"
Aquila_6,"Aquila","AlmizanI_Aquila","AlmizanII_Aquila","19.424972","3.114775","19.874547","1.005661"
Aquila_7,"Aquila","AlmizanII_Aquila","AlmizanIII_Aquila","19.874547","1.005661","20.188413","-0.821461"
Aquila_8,"Aquila","DenebalOkabBorealis_Aquila","Okab_Aquila","18.993710","15.068298","19.090169","13.863478"
Aquila_9,"Aquila","AlThalimainPrior_Aquila","HIP93429_Aquila","19.104150","-4.882554","19.028008","-5.739115"
Aquila_10,"Aquila","AlmizanIII_Aquila","AlThalimainPosterior_Aquila","20.188413","-0.821461","19.612022","-1.286601"
Aquila_11,"Aquila","AlThalimainPosterior_Aquila","AlThalimainPrior_Aquila","19.612022","-1.286601","19.104150","-4.882554"
Aquila_12,"Aquila","AlThalimainPrior_Aquila","Okab_Aquila","19.104150","-4.882554","19.090169","13.863478"
Aquarius_1,"Aquarius","Albali_Aquarius","Sadalsuud_Aquarius","20.794598","-9.495776","21.525982","-5.571172"
Aquarius_2,"Aquarius","Sadalsuud_Aquarius","Sadalmelik_Aquarius","21.525982","-5.571172","22.096399","-0.319851"
Aquarius_3,"Aquarius","Sadalmelik_Aquarius","Sadachbia_Aquarius","22.096399","-0.319851","22.360938","-1.387332"
Aquarius_4,"Aquarius","Sadachbia_Aquarius","Sadaltager_Aquarius","22.360938","-1.387332","22.480531","-0.019972"
Aquarius_5,"Aquarius","Sadaltager_Aquarius","HIP111497_Aquarius","22.480531","-0.019972","22.589272","-0.117498"
Aquarius_6,"Aquarius","Sadaltager_Aquarius","Seat_Aquarius","22.480531","-0.019972","22.421284","1.377401"
Aquarius_7,"Aquarius","Seat_Aquarius","Sadalmelik_Aquarius","22.421284","1.377401","22.096399","-0.319851"
Aquarius_8,"Aquarius","HIP109139_Aquarius","Sadalsuud_Aquarius","22.107286","-13.869679","21.525982","-5.571172"
Aquarius_9,"Aquarius","Sadalmelik_Aquarius","Ancha_Aquarius","22.096399","-0.319851","22.280566","-7.783290"
Aquarius_10,"Aquarius","Ancha_Aquarius","Hydor_Aquarius","22.280566","-7.783290","22.876910","-7.579599"
Aquarius_11,"Aquarius","Hydor_Aquarius","HIP114724_Aquarius","22.876910","-7.579599","23.238711","-6.049003"
Aquarius_12,"Aquarius","HIP114724_Aquarius","HIP115033_Aquarius","23.238711","-6.049003","23.298393","-9.182513"
Aquarius_13,"Aquarius","HIP115033_Aquarius","HIP115438_Aquarius","23.298393","-9.182513","23.382841","-20.100580"
Aquarius_14,"Aquarius","HIP115033_Aquarius","HIP114341_Aquarius","23.298393","-9.182513","23.157444","-21.172410"
Aquarius_15,"Aquarius","HIP115033_Aquarius","Skat_Aquarius","23.298393","-9.182513","22.910837","-15.820820"
Aquarius_16,"Aquarius","Skat_Aquarius","HIP112716_Aquarius","22.910837","-15.820820","22.826528","-13.592632"
Aquarius_17,"Aquarius","HIP112716_Aquarius","Hydor_Aquarius","22.826528","-13.592632","22.876910","-7.579599"
Ara_1,"Ara","HIP85267_Ara","HIP85727_Ara","17.423239","-56.377727","17.518309","-60.683848"
Ara_2,"Ara","HIP85727_Ara","HIP82363_Ara","17.518309","-60.683848","16.829766","-59.041378"
Ara_3,"Ara","HIP82363_Ara","HIP83081_Ara","16.829766","-59.041378","16.977003","-55.990141"
Ara_4,"Ara","HIP83081_Ara","HIP83153_Ara","16.977003","-55.990141","16.993069","-53.160438"
Ara_5,"Ara","HIP83153_Ara","HIP85792_Ara","16.993069","-53.160438","17.530693","-49.876145"
Ara_6,"Ara","HIP85792_Ara","HIP88714_Ara","17.530693","-49.876145","18.110520","-50.091477"
Ara_7,"Ara","HIP85792_Ara","HIP85258_Ara","17.530693","-49.876145","17.421664","-55.529884"
Aries_1,"Aries","Mesarthim_Aries","Sheratan_Aries","1.892171","19.293852","1.910669","20.808035"
Aries_2,"Aries","Sheratan_Aries","Hamal_Aries","1.910669","20.808035","2.119558","23.462423"
Aries_3,"Aries","Hamal_Aries","Bharani_Aries","2.119558","23.462423","2.833065","27.260507"
Auriga_1,"Auriga","Elnath_Auriga","Hassaleh_Auriga","5.438198","28.607450","4.949894","33.166090"
Auriga_2,"Auriga","Hassaleh_Auriga","Haedus_Auriga","4.949894","33.166090","5.108581","41.234474"
Auriga_3,"Auriga","Haedus_Auriga","Capella_Auriga","5.108581","41.234474","5.278155","45.997991"
Auriga_4,"Auriga","Capella_Auriga","Menkalinan_Auriga","5.278155","45.997991","5.992145","44.947433"
Auriga_5,"Auriga","Menkalinan_Auriga","Mahasim_Auriga","5.992145","44.947433","5.995352","37.212585"
Auriga_6,"Auriga","Mahasim_Auriga","Elnath_Auriga","5.995352","37.212585","5.438198","28.607450"
Auriga_7,"Auriga","Haedus_Auriga","Saclateni_Auriga","5.108581","41.234474","5.041302","41.075837"
Auriga_8,"Auriga","Saclateni_Auriga","Almaaz_Auriga","5.041302","41.075837","5.032815","43.823308"
Auriga_9,"Auriga","Almaaz_Auriga","Capella_Auriga","5.032815","43.823308","5.278155","45.997991"
Auriga_10,"Auriga","Capella_Auriga","HIP28358_Auriga","5.278155","45.997991","5.992121","54.284656"
Auriga_11,"Auriga","HIP28358_Auriga","Menkalinan_Auriga","5.992121","54.284656","5.992145","44.947433"
Bootes_1,"Bootes","Arcturus_Bootes","Izar_Bootes","14.261020","19.182410","14.749783","27.074222"
Bootes_2,"Bootes","Izar_Bootes","Thiba_Bootes","14.749783","27.074222","15.258379","33.314833"
Bootes_3,"Bootes","Thiba_Bootes","Nekkar_Bootes","15.258379","33.314833","15.032434","40.390566"
Bootes_4,"Bootes","Nekkar_Bootes","Seginus_Bootes","15.032434","40.390566","14.534631","38.308253"
Bootes_5,"Bootes","Seginus_Bootes","HIP71053_Bootes","14.534631","38.308253","14.530497","30.371437"
Bootes_6,"Bootes","HIP71053_Bootes","Arcturus_Bootes","14.530497","30.371437","14.261020","19.182410"
Bootes_7,"Bootes","Arcturus_Bootes","Muphrid_Bootes","14.261020","19.182410","13.911411","18.397717"
Bootes_8,"Bootes","Muphrid_Bootes","HIP67275_Bootes","13.911411","18.397717","13.787706","17.456906"
Bootes_9,"Bootes","Arcturus_Bootes","HIP71795_Bootes","14.261020","19.182410","14.685820","13.728300"
Bootes_10,"Bootes","Seginus_Bootes","Xuange_Bootes","14.534631","38.308253","14.273061","46.088305"
Bootes_11,"Bootes","Xuange_Bootes","AsellusPrimus_Bootes","14.273061","46.088305","14.419943","51.850744"
Bootes_12,"Bootes","AsellusPrimus_Bootes","AsellusTertius_Bootes","14.419943","51.850744","14.224724","51.789965"
Bootes_13,"Bootes","AsellusTertius_Bootes","Xuange_Bootes","14.224724","51.789965","14.273061","46.088305"
CanisMinor_1,"CanisMinor","Procyon_CanisMinor","Gomeisa_CanisMinor","7.655033","5.224993","7.452512","8.289315"
CanesVenatici_1,"CanesVenatici","CorCaroli_CanesVenatici","Chara_CanesVenatici","12.933796","38.318380","12.562374","41.357480"
Caelum_1,"Caelum","HIP23595_Caelum","HIP21861_Caelum","5.073445","-35.482978","4.700967","-37.144297"
Caelum_2,"Caelum","HIP21861_Caelum","HIP21770_Caelum","4.700967","-37.144297","4.676031","-41.863753"
Caelum_3,"Caelum","HIP21770_Caelum","HIP21060_Caelum","4.676031","-41.863753","4.513917","-44.953750"
Camelopardalis_1,"Camelopardalis","HIP23040_Camelopardalis","HIP23522_Camelopardalis","4.954777","53.752101","5.056969","60.442246"
Camelopardalis_2,"Camelopardalis","HIP23522_Camelopardalis","HIP22783_Camelopardalis","5.056969","60.442246","4.900836","66.342678"
Camelopardalis_3,"Camelopardalis","HIP22783_Camelopardalis","HIP29997_Camelopardalis","4.900836","66.342678","6.314105","69.319787"
Camelopardalis_4,"Camelopardalis","HIP29997_Camelopardalis","HIP33694_Camelopardalis","6.314105","69.319787","7.001122","76.977408"
Camelopardalis_5,"Camelopardalis","HIP22783_Camelopardalis","HIP17959_Camelopardalis","4.900836","66.342678","3.839308","71.332266"
Camelopardalis_6,"Camelopardalis","HIP17959_Camelopardalis","HIP17884_Camelopardalis","3.839308","71.332266","3.825356","65.525972"
Camelopardalis_7,"Camelopardalis","HIP17884_Camelopardalis","HIP16228_Camelopardalis","3.825356","65.525972","3.484482","59.940330"
Capricornus_1,"Capricornus","Algedi_Capricornus","Dabih_Capricornus","20.300904","-12.544852","20.350188","-14.781367"
Capricornus_2,"Capricornus","Dabih_Capricornus","HIP102485_Capricornus","20.350188","-14.781367","20.768259","-25.270898"
Capricornus_3,"Capricornus","HIP102485_Capricornus","HIP102978_Capricornus","20.768259","-25.270898","20.863692","-26.919133"
Capricornus_4,"Capricornus","HIP102978_Capricornus","HIP105881_Capricornus","20.863692","-26.919133","21.444452","-22.411332"
Capricornus_5,"Capricornus","HIP105881_Capricornus","HIP106723_Capricornus","21.444452","-22.411332","21.618009","-19.466012"
Capricornus_6,"Capricornus","HIP106723_Capricornus","DenebAlgedi_Capricornus","21.618009","-19.466012","21.784013","-16.127286"
Capricornus_7,"Capricornus","DenebAlgedi_Capricornus","Nashira_Capricornus","21.784013","-16.127286","21.668182","-16.662308"
Capricornus_8,"Capricornus","Nashira_Capricornus","HIP104139_Capricornus","21.668182","-16.662308","21.099119","-17.232861"
Capricornus_9,"Capricornus","HIP104139_Capricornus","Algedi_Capricornus","21.099119","-17.232861","20.300904","-12.544852"
Carina_1,"Carina","Canopus_Carina","Miaplacidus_Carina","6.399197","-52.695660","9.219993","-69.717208"
Carina_2,"Carina","Miaplacidus_Carina","HIP50099_Carina","9.219993","-69.717208","10.228949","-70.037903"
Carina_3,"Carina","HIP50099_Carina","HIP52419_Carina","10.228949","-70.037903","10.715945","-64.394450"
Carina_4,"Carina","HIP52419_Carina","HIP51576_Carina","10.715945","-64.394450","10.533740","-61.685333"
Carina_5,"Carina","HIP51576_Carina","HIP50371_Carina","10.533740","-61.685333","10.284715","-61.332304"
Carina_6,"Carina","HIP50371_Carina","Aspidiske_Carina","10.284715","-61.332304","9.284835","-59.275229"
Carina_7,"Carina","Aspidiske_Carina","Alsephina_Carina","9.284835","-59.275229","8.745063","-54.708821"
Carina_8,"Carina","HIP51576_Carina","HIP53253_Carina","10.533740","-61.685333","10.891571","-58.853171"
Carina_9,"Carina","HIP52419_Carina","HIP54301_Carina","10.715945","-64.394450","11.109008","-62.424113"
Carina_10,"Carina","HIP54301_Carina","HIP54751_Carina","11.109008","-62.424113","11.210004","-60.317625"
Carina_11,"Carina","HIP54751_Carina","HIP54463_Carina","11.210004","-60.317625","11.143164","-58.975037"
Carina_12,"Carina","HIP54463_Carina","HIP53253_Carina","11.143164","-58.975037","10.891571","-58.853171"
Carina_13,"Carina","Aspidiske_Carina","Avior_Carina","9.284835","-59.275229","8.375232","-59.509483"
Carina_14,"Carina","Avior_Carina","HIP38827_Carina","8.375232","-59.509483","7.946310","-52.982360"
Carina_15,"Carina","HIP38827_Carina","Regor_Carina","7.946310","-52.982360","8.158875","-47.336588"
Cassiopeia_1,"Cassiopeia","Caph_Cassiopeia","Shedar_Cassiopeia","0.152968","59.149780","0.675122","56.537331"
Cassiopeia_2,"Cassiopeia","Shedar_Cassiopeia","Navi_Cassiopeia","0.675122","56.537331","0.945148","60.716740"
Cassiopeia_3,"Cassiopeia","Navi_Cassiopeia","Ruchbah_Cassiopeia","0.945148","60.716740","1.430265","60.235283"
Cassiopeia_4,"Cassiopeia","Ruchbah_Cassiopeia","Segin_Cassiopeia","1.430265","60.235283","1.906590","63.670102"
Centaurus_1,"Centaurus","Muhlifain_Centaurus","HIP66657_Centaurus","12.691955","-48.959888","13.664794","-53.466394"
Centaurus_2,"Centaurus","HIP66657_Centaurus","Hadar_Centaurus","13.664794","-53.466394","14.063723","-60.373039"
Centaurus_3,"Centaurus","Hadar_Centaurus","AlphaCentauri_Centaurus","14.063723","-60.373039","14.660138","-60.833975"
Centaurus_4,"Centaurus","HIP66657_Centaurus","Alnair_Centaurus","13.664794","-53.466394","13.925663","-47.288375"
Centaurus_5,"Centaurus","Alnair_Centaurus","Muhlifain_Centaurus","13.925663","-47.288375","12.691955","-48.959888"
Centaurus_6,"Centaurus","Alnair_Centaurus","HIP68282_Centaurus","13.925663","-47.288375","13.977986","-44.803584"
Centaurus_7,"Centaurus","HIP68282_Centaurus","HIP68245_Centaurus","13.977986","-44.803584","13.971185","-42.100753"
Centaurus_8,"Centaurus","HIP68245_Centaurus","HIP71352_Centaurus","13.971185","-42.100753","14.591784","-42.157824"
Centaurus_9,"Centaurus","HIP68245_Centaurus","HIP68862_Centaurus","13.971185","-42.100753","14.100769","-41.179633"
Centaurus_10,"Centaurus","HIP68862_Centaurus","HIP70090_Centaurus","14.100769","-41.179633","14.342620","-37.885295"
Centaurus_11,"Centaurus","HIP70090_Centaurus","Menkent_Centaurus","14.342620","-37.885295","14.111375","-36.369954"
Centaurus_12,"Centaurus","Menkent_Centaurus","HIP67464_Centaurus","14.111375","-36.369954","13.825077","-41.687709"
Centaurus_13,"Centaurus","HIP67464_Centaurus","Alnair_Centaurus","13.825077","-41.687709","13.925663","-47.288375"
Centaurus_14,"Centaurus","HIP55425_Centaurus","HIP59196_Centaurus","11.350113","-54.491019","12.139306","-50.722426"
Centaurus_15,"Centaurus","HIP59196_Centaurus","HIP60823_Centaurus","12.139306","-50.722426","12.467328","-50.230635"
Centaurus_16,"Centaurus","HIP60823_Centaurus","Muhlifain_Centaurus","12.467328","-50.230635","12.691955","-48.959888"
Centaurus_17,"Centaurus","HIP60823_Centaurus","HIP59449_Centaurus","12.467328","-50.230635","12.194198","-52.368460"
Centaurus_18,"Centaurus","HIP59449_Centaurus","HIP56243_Centaurus","12.194198","-52.368460","11.529463","-59.442061"
Centaurus_19,"Centaurus","HIP67464_Centaurus","HIP65936_Centaurus","13.825077","-41.687709","13.517405","-39.407307"
Centaurus_20,"Centaurus","HIP65936_Centaurus","HIP65109_Centaurus","13.517405","-39.407307","13.343283","-36.712295"
Centaurus_21,"Centaurus","HIP65109_Centaurus","HIP61789_Centaurus","13.343283","-36.712295","12.664592","-39.987302"
Centaurus_22,"Centaurus","HIP71352_Centaurus","HIP73334_Centaurus","14.591784","-42.157824","14.986024","-42.104194"
Cepheus_1,"Cepheus","Kabalfird_Cepheus","Alderamin_Cepheus","20.754826","61.838782","21.309659","62.585573"
Cepheus_2,"Cepheus","Alderamin_Cepheus","Alfirk_Cepheus","21.309659","62.585573","21.477666","70.560716"
Cepheus_3,"Cepheus","Alfirk_Cepheus","HIP112724_Cepheus","21.477666","70.560716","22.828005","66.200408"
Cepheus_4,"Cepheus","Alfirk_Cepheus","Errai_Cepheus","21.477666","70.560716","23.655791","77.632276"
Cepheus_5,"Cepheus","Errai_Cepheus","HIP112724_Cepheus","23.655791","77.632276","22.828005","66.200408"
Cepheus_6,"Cepheus","HIP112724_Cepheus","HIP110991_Cepheus","22.828005","66.200408","22.486185","58.415199"
Cepheus_7,"Cepheus","HIP110991_Cepheus","HIP109492_Cepheus","22.486185","58.415199","22.180910","58.201261"
Cepheus_8,"Cepheus","HIP109492_Cepheus","HIP109857_Cepheus","22.180910","58.201261","22.250608","57.043587"
Cepheus_9,"Cepheus","HIP109857_Cepheus","TheGarnetStar_Cepheus","22.250608","57.043587","21.725128","58.780046"
Cepheus_10,"Cepheus","TheGarnetStar_Cepheus","Alderamin_Cepheus","21.725128","58.780046","21.309659","62.585573"
Cepheus_11,"Cepheus","AlKidr_Cepheus","Kabalfird_Cepheus","20.493024","62.994105","20.754826","61.838782"
Cetus_1,"Cetus","Kaffaljidhma_Cetus","Menkar_Cetus","2.721677","3.235819","3.037992","4.089734"
Cetus_2,"Cetus","Menkar_Cetus","Menkar_Cetus_2","3.037992","4.089734","2.995250","8.907365"
Cetus_3,"Cetus","Menkar_Cetus_2","HIP12828_Cetus","2.995250","8.907365","2.749040","10.114146"
Cetus_4,"Cetus","HIP12828_Cetus","AlKaffalJidhmahII_Cetus","2.749040","10.114146","2.469317","8.460054"
Cetus_5,"Cetus","AlKaffalJidhmahII_Cetus","Kaffaljidhma_Cetus","2.469317","8.460054","2.721677","3.235819"
Cetus_6,"Cetus","Kaffaljidhma_Cetus","AlKaffalJidhmahIII_Cetus","2.721677","3.235819","2.658044","0.328511"
Cetus_7,"Cetus","AlKaffalJidhmahIII_Cetus","Mira_Cetus","2.658044","0.328511","2.322442","-2.977643"
Cetus_8,"Cetus","Mira_Cetus","BatenKaitos_Cetus","2.322442","-2.977643","1.857676","-10.335038"
Cetus_9,"Cetus","BatenKaitos_Cetus","AlNaymatII_Cetus","1.857676","-10.335038","1.734467","-15.937480"
Cetus_10,"Cetus","AlNaymatII_Cetus","Diphda_Cetus","1.734467","-15.937480","0.726492","-17.986605"
Cetus_11,"Cetus","Diphda_Cetus","DenebKaitosShemali_Cetus","0.726492","-17.986605","0.323798","-8.823921"
Cetus_12,"Cetus","DenebKaitosShemali_Cetus","Dheneb_Cetus","0.323798","-8.823921","1.143164","-10.182264"
Cetus_13,"Cetus","Dheneb_Cetus","AlNaymatI_Cetus","1.143164","-10.182264","1.400390","-8.183257"
Cetus_14,"Cetus","AlNaymatI_Cetus","BatenKaitos_Cetus","1.400390","-8.183257","1.857676","-10.335038"
Chamaeleon_1,"Chamaeleon","HIP40702_Chamaeleon","HIP51839_Chamaeleon","8.308764","-76.919723","10.591141","-78.607786"
Chamaeleon_2,"Chamaeleon","HIP51839_Chamaeleon","HIP52633_Chamaeleon","10.591141","-78.607786","10.763056","-80.540188"
Chamaeleon_3,"Chamaeleon","HIP52633_Chamaeleon","HIP60000_Chamaeleon","10.763056","-80.540188","12.305784","-79.312240"
Chamaeleon_4,"Chamaeleon","HIP60000_Chamaeleon","HIP58484_Chamaeleon","12.305784","-79.312240","11.993770","-78.221839"
Chamaeleon_5,"Chamaeleon","HIP58484_Chamaeleon","HIP51839_Chamaeleon","11.993770","-78.221839","10.591141","-78.607786"
Circinus_1,"Circinus","HIP74824_Circinus","HIP71908_Circinus","15.291903","-58.801208","14.708450","-64.975138"
Circinus_2,"Circinus","HIP71908_Circinus","HIP75323_Circinus","14.708450","-64.975138","15.389624","-59.320787"
Cancer_1,"Cancer","Acubens_Cancer","AsellusAustralis_Cancer","8.974784","11.857701","8.744750","18.154309"
Cancer_2,"Cancer","AsellusAustralis_Cancer","Tarf_Cancer","8.744750","18.154309","8.275256","9.185545"
Cancer_3,"Cancer","AsellusAustralis_Cancer","AsellusBorealis_Cancer","8.744750","18.154309","8.721429","21.468501"
Cancer_4,"Cancer","AsellusBorealis_Cancer","Zubanah_Cancer","8.721429","21.468501","8.778283","28.759898"
Columba_1,"Columba","Phact_Columba","Wazn_Columba","5.660817","-34.074108","5.849331","-35.768309"
Columba_2,"Columba","HIP25859_Columba","Phact_Columba","5.520210","-35.470519","5.660817","-34.074108"
Columba_3,"Columba","HIP28328_Columba","Wazn_Columba","5.985779","-42.815135","5.849331","-35.768309"
Columba_4,"Columba","Wazn_Columba","HIP28199_Columba","5.849331","-35.768309","5.958947","-35.283280"
Columba_5,"Columba","HIP28199_Columba","HIP30277_Columba","5.958947","-35.283280","6.368563","-33.436400"
ComaBerenices_1,"ComaBerenices","Diadem_ComaBerenices","Diadem_ComaBerenices","13.166466","17.529431","13.166466","17.529431"
ComaBerenices_2,"ComaBerenices","Diadem_ComaBerenices","HIP64394_ComaBerenices","13.166466","17.529431","13.197887","27.878183"
ComaBerenices_3,"ComaBerenices","HIP64394_ComaBerenices","AlDafirah_ComaBerenices","13.197887","27.878183","12.448965","28.268423"
CoronaAustralis_1,"CoronaAustralis","HIP93825_CoronaAustralis","Meridiana_CoronaAustralis","19.106975","-37.063437","19.157873","-37.904474"
CoronaAustralis_2,"CoronaAustralis","Meridiana_CoronaAustralis","HIP94160_CoronaAustralis","19.157873","-37.904474","19.167155","-39.340796"
CoronaAustralis_3,"CoronaAustralis","HIP94160_CoronaAustralis","HIP94005_CoronaAustralis","19.167155","-39.340796","19.139158","-40.496703"
CoronaAustralis_4,"CoronaAustralis","HIP94005_CoronaAustralis","HIP90982_CoronaAustralis","19.139158","-40.496703","18.558385","-42.312510"
CoronaBorealis_1,"CoronaBorealis","HIP76127_CoronaBorealis","Nusakan_CoronaBorealis","15.548828","31.359133","15.463814","29.105703"
CoronaBorealis_2,"CoronaBorealis","Nusakan_CoronaBorealis","Alphecca_CoronaBorealis","15.463814","29.105703","15.578130","26.714693"
CoronaBorealis_3,"CoronaBorealis","Alphecca_CoronaBorealis","HIP76952_CoronaBorealis","15.578130","26.714693","15.712379","26.295637"
CoronaBorealis_4,"CoronaBorealis","HIP76952_CoronaBorealis","HIP77512_CoronaBorealis","15.712379","26.295637","15.826568","26.068394"
CoronaBorealis_5,"CoronaBorealis","HIP77512_CoronaBorealis","HIP78159_CoronaBorealis","15.826568","26.068394","15.959792","26.877880"
CoronaBorealis_6,"CoronaBorealis","HIP78159_CoronaBorealis","HIP78493_CoronaBorealis","15.959792","26.877880","16.024046","29.851061"
Crater_1,"Crater","Alkes_Crater","AlSharasif_Crater","10.996240","-18.298783","11.194303","-22.825847"
Crater_2,"Crater","AlSharasif_Crater","HIP55705_Crater","11.194303","-22.825847","11.414701","-17.684010"
Crater_3,"Crater","HIP55705_Crater","HIP57283_Crater","11.414701","-17.684010","11.746049","-18.350674"
Crater_4,"Crater","HIP57283_Crater","HIP58188_Crater","11.746049","-18.350674","11.933598","-17.150829"
Crater_5,"Crater","HIP55705_Crater","HIP55282_Crater","11.414701","-17.684010","11.322347","-14.778541"
Crater_6,"Crater","HIP55282_Crater","HIP55687_Crater","11.322347","-14.778541","11.410164","-10.859323"
Crater_7,"Crater","HIP55687_Crater","HIP56633_Crater","11.410164","-10.859323","11.611365","-9.802247"
Crater_8,"Crater","HIP55282_Crater","Alkes_Crater","11.322347","-14.778541","10.996240","-18.298783"
Crux_1,"Crux","Acrux_Crux","Gacrux_Crux","12.443304","-63.099092","12.519433","-57.113212"
Crux_2,"Crux","Mimosa_Crux","Imai_Crux","12.795351","-59.688764","12.252421","-58.748928"
Corvus_1,"Corvus","Algorab_Corvus","Gienah_Corvus","12.497738","-16.515433","12.263436","-17.541929"
Corvus_2,"Corvus","Gienah_Corvus","Minkar_Corvus","12.263436","-17.541929","12.168745","-22.619766"
Corvus_3,"Corvus","Minkar_Corvus","Kraz_Corvus","12.168745","-22.619766","12.573121","-23.396759"
Corvus_4,"Corvus","Kraz_Corvus","Algorab_Corvus","12.573121","-23.396759","12.497738","-16.515433"
Corvus_5,"Corvus","Minkar_Corvus","Alchiba_Corvus","12.168745","-22.619766","12.140227","-24.728876"
Cygnus_1,"Cygnus","Deneb_Cygnus","Sadr_Cygnus","20.690532","45.280338","20.370473","40.256679"
Cygnus_2,"Cygnus","Sadr_Cygnus","Aljanah_Cygnus","20.370473","40.256679","20.770190","33.970256"
Cygnus_3,"Cygnus","Sadr_Cygnus","Albireo_Cygnus","20.370473","40.256679","19.512022","27.959681"
Cygnus_4,"Cygnus","Sadr_Cygnus","Fawaris_Cygnus","20.370473","40.256679","19.749577","45.130810"
Cygnus_5,"Cygnus","Fawaris_Cygnus","HIP95853_Cygnus","19.749577","45.130810","19.495100","51.729779"
Cygnus_6,"Cygnus","HIP95853_Cygnus","FawarisI_Cygnus","19.495100","51.729779","19.285047","53.368459"
Cygnus_7,"Cygnus","HIP95853_Cygnus","HIP99848_Cygnus","19.495100","51.729779","20.257867","47.714208"
Cygnus_8,"Cygnus","HIP99848_Cygnus","Deneb_Cygnus","20.257867","47.714208","20.690532","45.280338"
Cygnus_9,"Cygnus","Deneb_Cygnus","HIP103413_Cygnus","20.690532","45.280338","20.952894","41.167136"
Cygnus_10,"Cygnus","HIP103413_Cygnus","FawarisIII_Cygnus","20.952894","41.167136","21.215607","30.226916"
Cygnus_11,"Cygnus","FawarisIII_Cygnus","Aljanah_Cygnus","21.215607","30.226916","20.770190","33.970256"
Delphinus_1,"Delphinus","Aldulfin_Delphinus","Rotanev_Delphinus","20.553548","11.303263","20.625817","14.595087"
Delphinus_2,"Delphinus","Rotanev_Delphinus","Sualocin_Delphinus","20.625817","14.595087","20.660635","15.912072"
Delphinus_3,"Delphinus","Sualocin_Delphinus","AlSalib_Delphinus","20.660635","15.912072","20.777640","16.124296"
Delphinus_4,"Delphinus","AlSalib_Delphinus","AlUkud_Delphinus","20.777640","16.124296","20.724315","15.074581"
Delphinus_5,"Delphinus","AlUkud_Delphinus","Rotanev_Delphinus","20.724315","15.074581","20.625817","14.595087"
Dorado_1,"Dorado","HIP19893_Dorado","HIP21281_Dorado","4.267107","-51.486648","4.566605","-55.044975"
Dorado_2,"Dorado","HIP21281_Dorado","HIP23693_Dorado","4.566605","-55.044975","5.091849","-57.472704"
Dorado_3,"Dorado","HIP23693_Dorado","HIP26069_Dorado","5.091849","-57.472704","5.560422","-62.489825"
Dorado_4,"Dorado","HIP26069_Dorado","HIP21281_Dorado","5.560422","-62.489825","4.566605","-55.044975"
Dorado_5,"Dorado","HIP26069_Dorado","HIP27100_Dorado","5.560422","-62.489825","5.746216","-65.735526"
Dorado_6,"Dorado","HIP27100_Dorado","HIP27890_Dorado","5.746216","-65.735526","5.901682","-63.089627"
Dorado_7,"Dorado","HIP27890_Dorado","HIP26069_Dorado","5.901682","-63.089627","5.560422","-62.489825"
Draco_1,"Draco","Giausar_Draco","HIP61281_Draco","11.523395","69.331076","12.558040","69.788238"
Draco_2,"Draco","HIP61281_Draco","Thuban_Draco","12.558040","69.788238","14.073153","64.375851"
Draco_3,"Draco","Thuban_Draco","Edasich_Draco","14.073153","64.375851","15.415493","58.966066"
Draco_4,"Draco","Edasich_Draco","HIP78527_Draco","15.415493","58.966066","16.031485","58.565252"
Draco_5,"Draco","HIP78527_Draco","Athebyne_Draco","16.031485","58.565252","16.399857","61.514213"
Draco_6,"Draco","Athebyne_Draco","Aldhibah_Draco","16.399857","61.514213","17.146443","65.714683"
Draco_7,"Draco","Aldhibah_Draco","Aldhiba_Draco","17.146443","65.714683","18.345953","71.337814"
Draco_8,"Draco","Aldhiba_Draco","Alahakan_Draco","18.345953","71.337814","18.350940","72.732843"
Draco_9,"Draco","Aldhiba_Draco","Altais_Draco","18.345953","71.337814","19.209250","67.661541"
Draco_10,"Draco","Altais_Draco","Tyl_Draco","19.209250","67.661541","19.802876","70.267930"
Draco_11,"Draco","Altais_Draco","Grumium_Draco","19.209250","67.661541","17.892147","56.872643"
Draco_12,"Draco","Grumium_Draco","HIP85829_Draco","17.892147","56.872643","17.537785","55.172959"
Draco_13,"Draco","HIP85829_Draco","Rastaban_Draco","17.537785","55.172959","17.507212","52.301387"
Draco_14,"Draco","Rastaban_Draco","Eltanin_Draco","17.507212","52.301387","17.943436","51.488895"
Draco_15,"Draco","Eltanin_Draco","Grumium_Draco","17.943436","51.488895","17.892147","56.872643"
Equuleus_1,"Equuleus","Kitalpha_Equuleus","HIP104858_Equuleus","21.263731","5.247845","21.241338","10.006981"
Equuleus_2,"Equuleus","HIP104858_Equuleus","HIP104521_Equuleus","21.241338","10.006981","21.172361","10.131580"
Eridanus_1,"Eridanus","Cursa_Eridanus","HIP22109_Eridanus","5.130829","-5.086446","4.758375","-3.254657"
Eridanus_2,"Eridanus","HIP22109_Eridanus","HIP21444_Eridanus","4.758375","-3.254657","4.605317","-3.352459"
Eridanus_3,"Eridanus","HIP21444_Eridanus","Beid_Eridanus","4.605317","-3.352459","4.197761","-6.837581"
Eridanus_4,"Eridanus","Beid_Eridanus","Zaurak_Eridanus","4.197761","-6.837581","3.967157","-13.508515"
Eridanus_5,"Eridanus","Zaurak_Eridanus","HIP17593_Eridanus","3.967157","-13.508515","3.769038","-12.101589"
Eridanus_6,"Eridanus","HIP17593_Eridanus","Rana_Eridanus","3.769038","-12.101589","3.720806","-9.763395"
Eridanus_7,"Eridanus","Rana_Eridanus","Ran_Eridanus","3.720806","-9.763395","3.548846","-9.458262"
Eridanus_8,"Eridanus","Ran_Eridanus","Azha_Eridanus","3.548846","-9.458262","2.940458","-8.898144"
Eridanus_9,"Eridanus","Azha_Eridanus","SadralKaitosIV_Eridanus","2.940458","-8.898144","2.735375","-13.858696"
Eridanus_10,"Eridanus","SadralKaitosIV_Eridanus","SadralKaitosIV_Eridanus","2.735375","-13.858696","2.735375","-13.858696"
Eridanus_11,"Eridanus","SadralKaitosIV_Eridanus","HIP12843_Eridanus","2.735375","-13.858696","2.751718","-18.572563"
Eridanus_12,"Eridanus","HIP12843_Eridanus","HIP14146_Eridanus","2.751718","-18.572563","3.039861","-23.624472"
Eridanus_13,"Eridanus","HIP14146_Eridanus","HIP15474_Eridanus","3.039861","-23.624472","3.325278","-21.757864"
Eridanus_14,"Eridanus","HIP15474_Eridanus","HIP16611_Eridanus","3.325278","-21.757864","3.563132","-21.632883"
Eridanus_15,"Eridanus","HIP16611_Eridanus","HIP17651_Eridanus","3.563132","-21.632883","3.780802","-23.249723"
Eridanus_16,"Eridanus","HIP17651_Eridanus","HIP18216_Eridanus","3.780802","-23.249723","3.895195","-24.612230"
Eridanus_17,"Eridanus","HIP18216_Eridanus","HIP18673_Eridanus","3.895195","-24.612230","3.998745","-24.016215"
Eridanus_18,"Eridanus","HIP18673_Eridanus","Beemim_Eridanus","3.998745","-24.016215","4.558487","-29.766492"
Eridanus_19,"Eridanus","Beemim_Eridanus","Theemin_Eridanus","4.558487","-29.766492","4.592511","-30.562341"
Eridanus_20,"Eridanus","Theemin_Eridanus","Beemim_Eridanus_2","4.592511","-30.562341","4.400616","-34.016846"
Eridanus_21,"Eridanus","Beemim_Eridanus_2","BeemimI_Eridanus","4.400616","-34.016846","4.298240","-33.798348"
Eridanus_22,"Eridanus","BeemimI_Eridanus","HIP17874_Eridanus","4.298240","-33.798348","3.824235","-36.200250"
Eridanus_23,"Eridanus","HIP17874_Eridanus","HIP17874_Eridanus","3.824235","-36.200250","3.824235","-36.200250"
Eridanus_24,"Eridanus","HIP17874_Eridanus","HIP16870_Eridanus","3.824235","-36.200250","3.618245","-40.274545"
Eridanus_25,"Eridanus","HIP16870_Eridanus","HIP15510_Eridanus","3.618245","-40.274545","3.332125","-43.069783"
Eridanus_26,"Eridanus","HIP15510_Eridanus","Acamar_Eridanus","3.332125","-43.069783","2.971021","-40.304672"
Eridanus_27,"Eridanus","Acamar_Eridanus","HIP12486_Eridanus","2.971021","-40.304672","2.677787","-39.855376"
Eridanus_28,"Eridanus","HIP12486_Eridanus","HIP12413_Eridanus","2.677787","-39.855376","2.663331","-42.891670"
Eridanus_29,"Eridanus","HIP12413_Eridanus","HIP11407_Eridanus","2.663331","-42.891670","2.449756","-47.703840"
Eridanus_30,"Eridanus","HIP11407_Eridanus","HIP9007_Eridanus","2.449756","-47.703840","1.932631","-51.608896"
Eridanus_31,"Eridanus","HIP9007_Eridanus","Achernar_Eridanus","1.932631","-51.608896","1.628568","-57.236757"
Fornax_1,"Fornax","Dalim_Fornax","HIP13147_Fornax","3.201258","-28.987618","2.818172","-32.405898"
Fornax_2,"Fornax","HIP13147_Fornax","HIP9677_Fornax","2.818172","-32.405898","2.074844","-29.296819"
Gemini_1,"Gemini","Alzirr_Gemini","HIP35350_Gemini","6.754824","12.895591","7.301550","16.540383"
Gemini_2,"Gemini","HIP35350_Gemini","Wasat_Gemini","7.301550","16.540383","7.335383","21.982321"
Gemini_3,"Gemini","Wasat_Gemini","Mekbuda_Gemini","7.335383","21.982321","7.068481","20.570297"
Gemini_4,"Gemini","Mekbuda_Gemini","Alhena_Gemini","7.068481","20.570297","6.628528","16.399252"
Gemini_5,"Gemini","Wasat_Gemini","HIP36962_Gemini","7.335383","21.982321","7.598707","26.895741"
Gemini_6,"Gemini","HIP36962_Gemini","HIP37740_Gemini","7.598707","26.895741","7.740793","24.397993"
Gemini_7,"Gemini","HIP36962_Gemini","Pollux_Gemini","7.598707","26.895741","7.755264","28.026199"
Gemini_8,"Gemini","HIP36962_Gemini","HIP36046_Gemini","7.598707","26.895741","7.428777","27.798080"
Gemini_9,"Gemini","HIP36046_Gemini","HIP34693_Gemini","7.428777","27.798080","7.185659","30.245163"
Gemini_10,"Gemini","HIP34693_Gemini","Castor_Gemini","7.185659","30.245163","7.576629","31.888276"
Gemini_11,"Gemini","HIP34693_Gemini","HIP33018_Gemini","7.185659","30.245163","6.879816","33.961254"
Gemini_12,"Gemini","HIP34693_Gemini","Mebsuta_Gemini","7.185659","30.245163","6.732202","25.131124"
Gemini_13,"Gemini","Mebsuta_Gemini","Nucatai_Gemini","6.732202","25.131124","6.482719","20.212133"
Gemini_14,"Gemini","Mebsuta_Gemini","Tejat_Gemini","6.732202","25.131124","6.382674","22.513586"
Gemini_15,"Gemini","Tejat_Gemini","Propus_Gemini","6.382674","22.513586","6.247960","22.506799"
Gemini_16,"Gemini","Propus_Gemini","HIP28734_Gemini","6.247960","22.506799","6.068671","23.263341"
Grus_1,"Grus","Aldhanab_Grus","HIP109111_Grus","21.898812","-37.364852","22.101913","-39.543353"
Grus_2,"Grus","HIP109111_Grus","HIP110997_Grus","22.101913","-39.543353","22.487826","-43.495565"
Grus_3,"Grus","HIP110997_Grus","Alnair_Grus","22.487826","-43.495565","22.137218","-46.960975"
Grus_4,"Grus","Alnair_Grus","Tiaki_Grus","22.137218","-46.960975","22.711125","-46.884577"
Grus_5,"Grus","Tiaki_Grus","HIP110997_Grus","22.711125","-46.884577","22.487826","-43.495565"
Grus_6,"Grus","Tiaki_Grus","HIP112623_Grus","22.711125","-46.884577","22.809250","-51.316864"
Grus_7,"Grus","HIP112623_Grus","HIP113638_Grus","22.809250","-51.316864","23.014670","-52.754137"
Hercules_1,"Hercules","Sarin_Hercules","Rasalgethi_Hercules","17.250531","24.839204","17.244127","14.390333"
Hercules_2,"Hercules","Rasalgethi_Hercules","Kornephoros_Hercules","17.244127","14.390333","16.503667","21.489613"
Hercules_3,"Hercules","Kornephoros_Hercules","NasakShamiyaIII_Hercules","16.503667","21.489613","16.365337","19.153130"
Hercules_4,"Hercules","Kornephoros_Hercules","HIP81693_Hercules","16.503667","21.489613","16.688100","31.602726"
Hercules_5,"Hercules","HIP81693_Hercules","HIP83207_Hercules","16.688100","31.602726","17.004826","30.926405"
Hercules_6,"Hercules","HIP81693_Hercules","HIP81833_Hercules","16.688100","31.602726","16.714935","38.922254"
Hercules_7,"Hercules","HIP81833_Hercules","HIP81126_Hercules","16.714935","38.922254","16.568384","42.437041"
Hercules_8,"Hercules","HIP81126_Hercules","HIP79992_Hercules","16.568384","42.437041","16.329010","46.313366"
Hercules_9,"Hercules","HIP81833_Hercules","HIP84380_Hercules","16.714935","38.922254","17.250787","36.809162"
Hercules_10,"Hercules","HIP84380_Hercules","HIP85112_Hercules","17.250787","36.809162","17.394707","37.145946"
Hercules_11,"Hercules","HIP85112_Hercules","HIP87808_Hercules","17.394707","37.145946","17.937550","37.250539"
Hercules_12,"Hercules","HIP87808_Hercules","HIP86414_Hercules","17.937550","37.250539","17.657746","46.006332"
Hercules_13,"Hercules","HIP84380_Hercules","HIP83207_Hercules","17.250787","36.809162","17.004826","30.926405"
Hercules_14,"Hercules","HIP83207_Hercules","Sarin_Hercules","17.004826","30.926405","17.250531","24.839204"
Hercules_15,"Hercules","Sarin_Hercules","Maasym_Hercules","17.250531","24.839204","17.512308","26.110645"
Hercules_16,"Hercules","Maasym_Hercules","HIP86974_Hercules","17.512308","26.110645","17.774313","27.720676"
Hercules_17,"Hercules","HIP86974_Hercules","HIP87933_Hercules","17.774313","27.720676","17.962746","29.247880"
Hercules_18,"Hercules","HIP87933_Hercules","HIP88794_Hercules","17.962746","29.247880","18.125709","28.762488"
Hercules_19,"Hercules","HIP77760_Hercules","HIP79101_Hercules","15.877928","42.451518","16.146161","44.934906"
Hercules_20,"Hercules","HIP79101_Hercules","HIP79992_Hercules","16.146161","44.934906","16.329010","46.313366"
Hercules_21,"Hercules","NasakShamiyaIII_Hercules","Cujam_Hercules","16.365337","19.153130","16.423598","14.033270"
Hercules_22,"Hercules","Cujam_Hercules","HIP81008_Hercules","16.423598","14.033270","16.543414","11.488042"
Horologium_1,"Horologium","HIP19747_Horologium","HIP12653_Horologium","4.233365","-42.294368","2.709296","-50.800294"
Horologium_2,"Horologium","HIP12653_Horologium","HIP12225_Horologium","2.709296","-50.800294","2.623437","-52.543086"
Horologium_3,"Horologium","HIP12225_Horologium","HIP12484_Horologium","2.623437","-52.543086","2.677670","-54.549911"
Horologium_4,"Horologium","HIP12484_Horologium","HIP14240_Horologium","2.677670","-54.549911","3.060228","-59.737775"
Horologium_5,"Horologium","HIP14240_Horologium","HIP13884_Horologium","3.060228","-59.737775","2.979944","-64.071284"
Hydra_1,"Hydra","MinazalIV_Hydra","MinazalII_Hydra","8.807214","5.837812","8.720410","3.398662"
Hydra_2,"Hydra","MinazalII_Hydra","Minchir_Hydra","8.720410","3.398662","8.645955","3.341435"
Hydra_3,"Hydra","Minchir_Hydra","MinazalI_Hydra","8.645955","3.341435","8.627602","5.703782"
Hydra_4,"Hydra","MinazalI_Hydra","Ashlesha_Hydra","8.627602","5.703782","8.779586","6.418809"
Hydra_5,"Hydra","Ashlesha_Hydra","MinazalV_Hydra","8.779586","6.418809","8.923230","5.945563"
Hydra_6,"Hydra","MinazalV_Hydra","HIP45336_Hydra","8.923230","5.945563","9.239405","2.314280"
Hydra_7,"Hydra","HIP45336_Hydra","Ukdah_Hydra","9.239405","2.314280","9.664267","-1.142810"
Hydra_8,"Hydra","Ukdah_Hydra","Alphard_Hydra","9.664267","-1.142810","9.459790","-8.658603"
Hydra_9,"Hydra","Alphard_Hydra","Zhang_Hydra","9.459790","-8.658603","9.857970","-14.846603"
Hydra_10,"Hydra","Zhang_Hydra","HIP49402_Hydra","9.857970","-14.846603","10.085408","-13.064626"
Hydra_11,"Hydra","HIP49402_Hydra","HIP49841_Hydra","10.085408","-13.064626","10.176466","-12.354083"
Hydra_12,"Hydra","HIP49841_Hydra","HIP51069_Hydra","10.176466","-12.354083","10.434841","-16.836290"
Hydra_13,"Hydra","HIP51069_Hydra","HIP52943_Hydra","10.434841","-16.836290","10.827080","-16.193648"
Hydra_14,"Hydra","HIP52943_Hydra","Alkes_Hydra","10.827080","-16.193648","10.996240","-18.298783"
Hydra_15,"Hydra","Alkes_Hydra","AlSharasif_Hydra","10.996240","-18.298783","11.194303","-22.825847"
Hydra_16,"Hydra","AlSharasif_Hydra","HIP56343_Hydra","11.194303","-22.825847","11.550032","-31.857625"
Hydra_17,"Hydra","HIP56343_Hydra","HIP57936_Hydra","11.550032","-31.857625","11.881811","-33.908124"
Hydra_18,"Hydra","HIP57936_Hydra","HIP64962_Hydra","11.881811","-33.908124","13.315360","-23.171512"
Hydra_19,"Hydra","HIP64962_Hydra","HIP68895_Hydra","13.315360","-23.171512","14.106194","-26.682361"
Hydra_20,"Hydra","HIP68895_Hydra","HIP72571_Hydra","14.106194","-26.682361","14.838142","-27.960371"
Hydrus_1,"Hydrus","HIP2021_Hydrus","HIP17678_Hydrus","0.429187","-77.254246","3.787317","-74.238962"
Hydrus_2,"Hydrus","HIP17678_Hydrus","HIP11001_Hydrus","3.787317","-74.238962","2.362484","-68.659418"
Hydrus_3,"Hydrus","HIP11001_Hydrus","HIP9236_Hydrus","2.362484","-68.659418","1.979498","-61.569859"
Hydrus_4,"Hydrus","HIP9236_Hydrus","HIP2021_Hydrus","1.979498","-61.569859","0.429187","-77.254246"
Indus_1,"Indus","HIP103227_Indus","HIP102333_Indus","20.913501","-58.454155","20.733982","-51.920971"
Indus_2,"Indus","HIP102333_Indus","Persian_Indus","20.733982","-51.920971","20.626120","-47.291502"
Indus_3,"Indus","Persian_Indus","HIP105319_Indus","20.626120","-47.291502","21.331108","-53.449427"
Indus_4,"Indus","HIP105319_Indus","HIP108431_Indus","21.331108","-53.449427","21.965299","-54.992576"
Indus_5,"Indus","HIP108431_Indus","HIP103227_Indus","21.965299","-54.992576","20.913501","-58.454155"
LeoMinor_1,"LeoMinor","HIP46952_LeoMinor","HIP49593_LeoMinor","9.570384","36.397558","10.123823","35.244693"
LeoMinor_2,"LeoMinor","HIP49593_LeoMinor","HIP51233_LeoMinor","10.123823","35.244693","10.464722","36.707212"
LeoMinor_3,"LeoMinor","HIP51233_LeoMinor","Praecipua_LeoMinor","10.464722","36.707212","10.888529","34.214871"
LeoMinor_4,"LeoMinor","Praecipua_LeoMinor","HIP51056_LeoMinor","10.888529","34.214871","10.431893","33.796120"
LeoMinor_5,"LeoMinor","HIP51056_LeoMinor","HIP49593_LeoMinor","10.431893","33.796120","10.123823","35.244693"
Lacerta_1,"Lacerta","HIP111022_Lacerta","HIP111169_Lacerta","22.492173","47.706887","22.521528","50.282491"
Lacerta_2,"Lacerta","HIP111169_Lacerta","HIP110538_Lacerta","22.521528","50.282491","22.392673","52.229047"
Lacerta_3,"Lacerta","HIP110538_Lacerta","HIP110609_Lacerta","22.392673","52.229047","22.408609","49.476393"
Lacerta_4,"Lacerta","HIP110609_Lacerta","HIP111022_Lacerta","22.408609","49.476393","22.492173","47.706887"
Lacerta_5,"Lacerta","HIP111022_Lacerta","HIP110351_Lacerta","22.492173","47.706887","22.350430","46.536570"
Lacerta_6,"Lacerta","HIP110351_Lacerta","HIP111104_Lacerta","22.350430","46.536570","22.508128","43.123376"
Lacerta_7,"Lacerta","HIP111104_Lacerta","HIP111944_Lacerta","22.508128","43.123376","22.675239","44.276305"
Lacerta_8,"Lacerta","HIP111944_Lacerta","HIP111022_Lacerta","22.675239","44.276305","22.492173","47.706887"
Lacerta_9,"Lacerta","HIP111104_Lacerta","HIP109754_Lacerta","22.508128","43.123376","22.231314","39.714927"
Lacerta_10,"Lacerta","HIP109754_Lacerta","HIP109937_Lacerta","22.231314","39.714927","22.266160","37.748737"
Leo_1,"Leo","Regulus_Leo","AlJabhah_Leo","10.139531","11.967207","10.122209","16.762664"
Leo_2,"Leo","AlJabhah_Leo","Algieba_Leo","10.122209","16.762664","10.332876","19.841489"
Leo_3,"Leo","Algieba_Leo","Adhafera_Leo","10.332876","19.841489","10.278171","23.417311"
Leo_4,"Leo","Adhafera_Leo","Rasalas_Leo","10.278171","23.417311","9.879394","26.006951"
Leo_5,"Leo","Rasalas_Leo","Algenubi_Leo","9.879394","26.006951","9.764187","23.774255"
Leo_6,"Leo","Algieba_Leo","Zosma_Leo","10.332876","19.841489","11.235139","20.523717"
Leo_7,"Leo","Zosma_Leo","Denebola_Leo","11.235139","20.523717","11.817660","14.572060"
Leo_8,"Leo","Denebola_Leo","Chertan_Leo","11.817660","14.572060","11.237335","15.429570"
Leo_9,"Leo","Chertan_Leo","Zosma_Leo","11.237335","15.429570","11.235139","20.523717"
Leo_10,"Leo","Chertan_Leo","AlJabhah_Leo","11.237335","15.429570","10.122209","16.762664"
Leo_11,"Leo","Rasalas_Leo","AlMinlearalAsad_Leo","9.879394","26.006951","9.410905","26.182324"
Leo_12,"Leo","AlMinlearalAsad_Leo","Alterf_Leo","9.410905","26.182324","9.528674","22.967971"
Leo_13,"Leo","Alterf_Leo","Algenubi_Leo","9.528674","22.967971","9.764187","23.774255"
Leo_14,"Leo","Algenubi_Leo","AlJabhah_Leo","9.764187","23.774255","10.122209","16.762664"
Leo_15,"Leo","Chertan_Leo","HIP55642_Leo","11.237335","15.429570","11.398737","10.529509"
Leo_16,"Leo","HIP55642_Leo","HIP55434_Leo","11.398737","10.529509","11.352276","6.029322"
Lepus_1,"Lepus","HIP23685_Lepus","HIP24305_Lepus","5.091018","-22.371033","5.215528","-16.205468"
Lepus_2,"Lepus","HIP24305_Lepus","Arneb_Lepus","5.215528","-16.205468","5.545504","-17.822289"
Lepus_3,"Lepus","Arneb_Lepus","Nihal_Lepus","5.545504","-17.822289","5.470756","-20.759441"
Lepus_4,"Lepus","Nihal_Lepus","HIP23685_Lepus","5.470756","-20.759441","5.091018","-22.371033"
Lepus_5,"Lepus","HIP24845_Lepus","HIP24305_Lepus","5.326257","-13.176789","5.215528","-16.205468"
Lepus_6,"Lepus","HIP24305_Lepus","HIP24327_Lepus","5.215528","-16.205468","5.220522","-12.941292"
Lepus_7,"Lepus","Nihal_Lepus","KursialJabbar_Lepus","5.470756","-20.759441","5.741053","-22.448382"
Lepus_8,"Lepus","KursialJabbar_Lepus","ArshalJauzah_Lepus","5.741053","-22.448382","5.855360","-20.879089"
Lepus_9,"Lepus","ArshalJauzah_Lepus","HIP28910_Lepus","5.855360","-20.879089","6.102590","-14.935254"
Lepus_10,"Lepus","HIP28910_Lepus","HIP28103_Lepus","6.102590","-14.935254","5.940081","-14.167700"
Lepus_11,"Lepus","HIP28103_Lepus","HIP27288_Lepus","5.940081","-14.167700","5.782595","-14.821950"
Lepus_12,"Lepus","HIP27288_Lepus","Arneb_Lepus","5.782595","-14.821950","5.545504","-17.822289"
Libra_1,"Libra","ZubenelgenubiII_Libra","Zubeneschamali_Libra","14.847976","-16.041778","15.283449","-9.382917"
Libra_2,"Libra","ZubenelgenubiII_Libra","Brachium_Libra","14.847976","-16.041778","15.067838","-25.281965"
Libra_3,"Libra","Zubeneschamali_Libra","Zubenelhakrabi_Libra","15.283449","-9.382917","15.592105","-14.789537"
Libra_4,"Libra","Zubenelhakrabi_Libra","ZubenelgenubiII_Libra","15.592105","-14.789537","14.847976","-16.041778"
Libra_5,"Libra","Zubenelhakrabi_Libra","HIP76470_Libra","15.592105","-14.789537","15.617069","-28.135079"
Libra_6,"Libra","HIP76470_Libra","HIP76600_Libra","15.617069","-28.135079","15.644269","-29.777754"
Lupus_1,"Lupus","HIP71860_Lupus","HIP74395_Lupus","14.698821","-47.388200","15.204749","-52.099247"
Lupus_2,"Lupus","HIP74395_Lupus","HIP75264_Lupus","15.204749","-52.099247","15.378020","-44.689622"
Lupus_3,"Lupus","HIP75264_Lupus","HIP76297_Lupus","15.378020","-44.689622","15.585680","-41.166757"
Lupus_4,"Lupus","HIP76297_Lupus","HIP75141_Lupus","15.585680","-41.166757","15.356200","-40.647518"
Lupus_5,"Lupus","HIP75141_Lupus","HIP73273_Lupus","15.356200","-40.647518","14.975535","-43.133960"
Lupus_6,"Lupus","HIP76297_Lupus","HIP78384_Lupus","15.585680","-41.166757","16.002036","-38.396707"
Lupus_7,"Lupus","HIP78384_Lupus","HIP75177_Lupus","16.002036","-38.396707","15.363436","-36.261376"
Lupus_8,"Lupus","HIP75177_Lupus","HIP77634_Lupus","15.363436","-36.261376","15.849316","-33.627165"
Lupus_9,"Lupus","HIP77634_Lupus","HIP78384_Lupus","15.849316","-33.627165","16.002036","-38.396707"
Lupus_10,"Lupus","HIP78384_Lupus","HIP74395_Lupus","16.002036","-38.396707","15.204749","-52.099247"
Lynx_1,"Lynx","HIP45860_Lynx","HIP45688_Lynx","9.350917","34.392562","9.314068","36.802597"
Lynx_2,"Lynx","HIP45688_Lynx","HIP44700_Lynx","9.314068","36.802597","9.108824","38.452215"
Lynx_3,"Lynx","HIP44700_Lynx","HIP44248_Lynx","9.108824","38.452215","9.010659","41.782911"
Lynx_4,"Lynx","HIP44248_Lynx","Alsciaukat_Lynx","9.010659","41.782911","8.380586","43.188131"
Lynx_5,"Lynx","Alsciaukat_Lynx","HIP36145_Lynx","8.380586","43.188131","7.445236","49.211527"
Lynx_6,"Lynx","HIP36145_Lynx","HIP33449_Lynx","7.445236","49.211527","6.954613","58.422759"
Lynx_7,"Lynx","HIP33449_Lynx","HIP30060_Lynx","6.954613","58.422759","6.327052","59.010965"
Lyra_1,"Lyra","Vega_Lyra","DoubleDoubleI_Lyra","18.615649","38.783692","18.738985","39.670123"
Lyra_2,"Lyra","DoubleDoubleI_Lyra","NasrAlwakiI_Lyra","18.738985","39.670123","18.746210","37.605115"
Lyra_3,"Lyra","NasrAlwakiI_Lyra","Vega_Lyra","18.746210","37.605115","18.615649","38.783692"
Lyra_4,"Lyra","NasrAlwakiI_Lyra","HIP92791_Lyra","18.746210","37.605115","18.908412","36.898613"
Lyra_5,"Lyra","HIP92791_Lyra","Sulafat_Lyra","18.908412","36.898613","18.982395","32.689557"
Lyra_6,"Lyra","Sulafat_Lyra","Sheliak_Lyra","18.982395","32.689557","18.834665","33.362667"
Lyra_7,"Lyra","Sheliak_Lyra","NasrAlwakiI_Lyra","18.834665","33.362667","18.746210","37.605115"
Mensa_1,"Mensa","HIP29271_Mensa","HIP23467_Mensa","6.170687","-74.753045","5.045277","-71.314300"
Microscopium_1,"Microscopium","HIP102831_Microscopium","HIP102989_Microscopium","20.832801","-33.779722","20.866323","-33.177974"
Monoceros_1,"Monoceros","HIP31978_Monoceros","HIP31216_Monoceros","6.682961","9.895754","6.548396","7.332965"
Monoceros_2,"Monoceros","HIP31216_Monoceros","HIP30419_Monoceros","6.548396","7.332965","6.396135","4.592865"
Monoceros_3,"Monoceros","HIP30419_Monoceros","HIP30419_Monoceros","6.396135","4.592865","6.396135","4.592865"
Monoceros_4,"Monoceros","HIP30419_Monoceros","HIP32578_Monoceros","6.396135","4.592865","6.797680","2.412159"
Monoceros_5,"Monoceros","HIP32578_Monoceros","HIP31216_Monoceros","6.797680","2.412159","6.548396","7.332965"
Monoceros_6,"Monoceros","HIP32578_Monoceros","HIP34769_Monoceros","6.797680","2.412159","7.197739","-0.492764"
Monoceros_7,"Monoceros","HIP34769_Monoceros","HIP30867_Monoceros","7.197739","-0.492764","6.480297","-7.033062"
Monoceros_8,"Monoceros","HIP30867_Monoceros","HIP29651_Monoceros","6.480297","-7.033062","6.247592","-6.274776"
Monoceros_9,"Monoceros","HIP34769_Monoceros","HIP39863_Monoceros","7.197739","-0.492764","8.143236","-2.983786"
Monoceros_10,"Monoceros","HIP39863_Monoceros","HIP37447_Monoceros","8.143236","-2.983786","7.687453","-9.551131"
Musca_1,"Musca","HIP57363_Musca","HIP59929_Musca","11.760116","-66.728763","12.292855","-67.960736"
Musca_2,"Musca","HIP59929_Musca","HIP61585_Musca","12.292855","-67.960736","12.619727","-69.135564"
Musca_3,"Musca","HIP61585_Musca","HIP62322_Musca","12.619727","-69.135564","12.771335","-68.108119"
Musca_4,"Musca","HIP62322_Musca","HIP63613_Musca","12.771335","-68.108119","13.037851","-71.548855"
Musca_5,"Musca","HIP63613_Musca","HIP61199_Musca","13.037851","-71.548855","12.541115","-72.132988"
Musca_6,"Musca","HIP61199_Musca","HIP61585_Musca","12.541115","-72.132988","12.619727","-69.135564"
Norma_1,"Norma","HIP78639_Norma","HIP80000_Norma","16.053582","-49.229695","16.330673","-50.155508"
Norma_2,"Norma","HIP80000_Norma","HIP80582_Norma","16.330673","-50.155508","16.453066","-47.554786"
Norma_3,"Norma","HIP80582_Norma","HIP78914_Norma","16.453066","-47.554786","16.108177","-45.173185"
Norma_4,"Norma","HIP78914_Norma","HIP78639_Norma","16.108177","-45.173185","16.053582","-49.229695"
Octans_1,"Octans","HIP70638_Octans","HIP107089_Octans","14.448676","-83.667884","21.691291","-77.390046"
Octans_2,"Octans","HIP107089_Octans","HIP112405_Octans","21.691291","-77.390046","22.767641","-81.381615"
Octans_3,"Octans","HIP112405_Octans","HIP70638_Octans","22.767641","-81.381615","14.448676","-83.667884"
Ophiuchus_1,"Ophiuchus","Rasalhague_Ophiuchus","HIP83000_Ophiuchus","17.582242","12.560035","16.961138","9.375033"
Ophiuchus_2,"Ophiuchus","HIP83000_Ophiuchus","Marfik_Ophiuchus","16.961138","9.375033","16.515229","1.983923"
Ophiuchus_3,"Ophiuchus","Marfik_Ophiuchus","YedPrior_Ophiuchus","16.515229","1.983923","16.239094","-3.694323"
Ophiuchus_4,"Ophiuchus","YedPrior_Ophiuchus","YedPosterior_Ophiuchus","16.239094","-3.694323","16.305358","-4.692511"
Ophiuchus_5,"Ophiuchus","YedPosterior_Ophiuchus","HIP80628_Ophiuchus","16.305358","-4.692511","16.463385","-8.371731"
Ophiuchus_6,"Ophiuchus","HIP80628_Ophiuchus","Saik_Ophiuchus","16.463385","-8.371731","16.619316","-10.567090"
Ophiuchus_7,"Ophiuchus","Saik_Ophiuchus","HIP83000_Ophiuchus","16.619316","-10.567090","16.961138","9.375033"
Ophiuchus_8,"Ophiuchus","Saik_Ophiuchus","Sabik_Ophiuchus","16.619316","-10.567090","17.172969","-15.724910"
Ophiuchus_9,"Ophiuchus","Sabik_Ophiuchus","Cebalrai_Ophiuchus","17.172969","-15.724910","17.724543","4.567303"
Ophiuchus_10,"Ophiuchus","Cebalrai_Ophiuchus","Muliphen_Ophiuchus","17.724543","4.567303","17.798211","2.707276"
Ophiuchus_11,"Ophiuchus","Muliphen_Ophiuchus","HIP88048_Ophiuchus","17.798211","2.707276","17.983775","-9.773632"
Ophiuchus_12,"Ophiuchus","Cebalrai_Ophiuchus","Rasalhague_Ophiuchus","17.724543","4.567303","17.582242","12.560035"
Ophiuchus_13,"Ophiuchus","Sabik_Ophiuchus","Garafsa_Ophiuchus","17.172969","-15.724910","17.366827","-24.999545"
Ophiuchus_14,"Ophiuchus","Garafsa_Ophiuchus","HIP85423_Ophiuchus","17.366827","-24.999545","17.455909","-29.867033"
Ophiuchus_15,"Ophiuchus","Saik_Ophiuchus","HIP80894_Ophiuchus","16.619316","-10.567090","16.518991","-16.612733"
Ophiuchus_16,"Ophiuchus","HIP80894_Ophiuchus","HIP80569_Ophiuchus","16.518991","-16.612733","16.450399","-18.456251"
Ophiuchus_17,"Ophiuchus","HIP80569_Ophiuchus","HIP80343_Ophiuchus","16.450399","-18.456251","16.401718","-20.037327"
Ophiuchus_18,"Ophiuchus","HIP80343_Ophiuchus","HIP80473_Ophiuchus","16.401718","-20.037327","16.426422","-23.447178"
Pavo_1,"Pavo","Peacock_Pavo","HIP99240_Pavo","20.427461","-56.735090","20.145447","-66.182068"
Pavo_2,"Pavo","HIP99240_Pavo","HIP102395_Pavo","20.145447","-66.182068","20.749304","-66.203213"
Pavo_3,"Pavo","Peacock_Pavo","HIP105858_Pavo","20.427461","-56.735090","21.440724","-65.366198"
Pavo_4,"Pavo","HIP105858_Pavo","HIP102395_Pavo","21.440724","-65.366198","20.749304","-66.203213"
Pavo_5,"Pavo","HIP91792_Pavo","HIP99240_Pavo","18.717260","-71.428113","20.145447","-66.182068"
Pavo_6,"Pavo","HIP99240_Pavo","HIP98495_Pavo","20.145447","-66.182068","20.009876","-72.910504"
Pavo_7,"Pavo","HIP99240_Pavo","HIP93015_Pavo","20.145447","-66.182068","18.949175","-67.233495"
Pavo_8,"Pavo","HIP93015_Pavo","HIP88866_Pavo","18.949175","-67.233495","18.143004","-63.668553"
Pavo_9,"Pavo","HIP88866_Pavo","HIP86929_Pavo","18.143004","-63.668553","17.762219","-64.723872"
Pavo_10,"Pavo","HIP88866_Pavo","HIP90098_Pavo","18.143004","-63.668553","18.387117","-61.493901"
Pavo_11,"Pavo","HIP90098_Pavo","HIP92609_Pavo","18.387117","-61.493901","18.870287","-62.187594"
Pavo_12,"Pavo","HIP92609_Pavo","HIP99240_Pavo","18.870287","-62.187594","20.145447","-66.182068"
Pegasus_1,"Pegasus","HIP109410_Pegasus","Matar_Pegasus","22.166457","33.178224","22.716705","30.221245"
Pegasus_2,"Pegasus","Matar_Pegasus","Scheat_Pegasus","22.716705","30.221245","23.062905","28.082789"
Pegasus_3,"Pegasus","Scheat_Pegasus","Sadalbari_Pegasus","23.062905","28.082789","22.833387","24.601579"
Pegasus_4,"Pegasus","Sadalbari_Pegasus","Sadalnazi_Pegasus","22.833387","24.601579","22.775522","23.565654"
Pegasus_5,"Pegasus","Sadalnazi_Pegasus","HIP109176_Pegasus","22.775522","23.565654","22.116852","25.345112"
Pegasus_6,"Pegasus","HIP109176_Pegasus","HIP107354_Pegasus","22.116852","25.345112","21.744093","25.645036"
Pegasus_7,"Pegasus","Alpheratz_Pegasus","Scheat_Pegasus","0.139794","29.090432","23.062905","28.082789"
Pegasus_8,"Pegasus","Scheat_Pegasus","Markab_Pegasus","23.062905","28.082789","23.079348","15.205264"
Pegasus_9,"Pegasus","Markab_Pegasus","Algenib_Pegasus","23.079348","15.205264","0.220598","15.183596"
Pegasus_10,"Pegasus","Algenib_Pegasus","Alpheratz_Pegasus","0.220598","15.183596","0.139794","29.090432"
Pegasus_11,"Pegasus","Enif_Pegasus","Biham_Pegasus","21.736433","9.875011","22.169996","6.197865"
Pegasus_12,"Pegasus","Biham_Pegasus","Homam_Pegasus","22.169996","6.197865","22.691034","10.831364"
Pegasus_13,"Pegasus","Homam_Pegasus","Markab_Pegasus","22.691034","10.831364","23.079348","15.205264"
Perseus_1,"Perseus","Atik_Perseus","Atik_Perseus_2","3.738648","32.288248","3.902200","31.883636"
Perseus_2,"Perseus","Atik_Perseus_2","Menkib_Perseus","3.902200","31.883636","3.982750","35.791033"
Perseus_3,"Perseus","Menkib_Perseus","HIP18532_Perseus","3.982750","35.791033","3.964231","40.010215"
Perseus_4,"Perseus","HIP18532_Perseus","HIP17358_Perseus","3.964231","40.010215","3.715417","47.787551"
Perseus_5,"Perseus","HIP17358_Perseus","Mirfak_Perseus","3.715417","47.787551","3.405381","49.861180"
Perseus_6,"Perseus","Mirfak_Perseus","HIP14328_Perseus","3.405381","49.861180","3.079942","53.506440"
Perseus_7,"Perseus","HIP14328_Perseus","Miram_Perseus","3.079942","53.506440","2.844947","55.895496"
Perseus_8,"Perseus","Miram_Perseus","HIP13531_Perseus","2.844947","55.895496","2.904295","52.762479"
Perseus_9,"Perseus","HIP13531_Perseus","HIP14328_Perseus","2.904295","52.762479","3.079942","53.506440"
Perseus_10,"Perseus","HIP13531_Perseus","HIP14632_Perseus","2.904295","52.762479","3.151117","49.613278"
Perseus_11,"Perseus","HIP14632_Perseus","Mirfak_Perseus","3.151117","49.613278","3.405381","49.861180"
Perseus_12,"Perseus","HIP14632_Perseus","Misam_Perseus","3.151117","49.613278","3.158270","44.857544"
Perseus_13,"Perseus","Misam_Perseus","Algol_Perseus","3.158270","44.857544","3.136148","40.955648"
Perseus_14,"Perseus","Algol_Perseus","HIP18532_Perseus","3.136148","40.955648","3.964231","40.010215"
Perseus_15,"Perseus","Algol_Perseus","GorgoneaTertia_Perseus","3.136148","40.955648","3.086276","38.840274"
Perseus_16,"Perseus","HIP17358_Perseus","HIP19343_Perseus","3.715417","47.787551","4.144359","47.712513"
Perseus_17,"Perseus","HIP19343_Perseus","HIP19812_Perseus","4.144359","47.712513","4.248295","48.409331"
Perseus_18,"Perseus","HIP19812_Perseus","HIP20070_Perseus","4.248295","48.409331","4.304061","50.295502"
Perseus_19,"Perseus","HIP20070_Perseus","HIP19167_Perseus","4.304061","50.295502","4.109734","50.351262"
Perseus_20,"Perseus","HIP14632_Perseus","HIP12777_Perseus","3.151117","49.613278","2.736663","49.228448"
Perseus_21,"Perseus","HIP12777_Perseus","HIP8068_Perseus","2.736663","49.228448","1.727677","50.688732"
Phoenix_1,"Phoenix","Ankaa_Phoenix","AlrialIII_Phoenix","0.438070","-42.305982","1.101402","-46.718414"
Phoenix_2,"Phoenix","AlrialIII_Phoenix","AlrialV_Phoenix","1.101402","-46.718414","1.472758","-43.318234"
Phoenix_3,"Phoenix","Ankaa_Phoenix","HIP765_Phoenix","0.438070","-42.305982","0.156845","-45.747426"
Phoenix_4,"Phoenix","HIP765_Phoenix","AlrialIII_Phoenix","0.156845","-45.747426","1.101402","-46.718414"
Phoenix_5,"Phoenix","AlrialIII_Phoenix","Wurren_Phoenix","1.101402","-46.718414","1.139745","-55.245760"
Phoenix_6,"Phoenix","Wurren_Phoenix","HIP7083_Phoenix","1.139745","-55.245760","1.520862","-49.072702"
Phoenix_7,"Phoenix","HIP7083_Phoenix","AlrialV_Phoenix","1.520862","-49.072702","1.472758","-43.318234"
Pictor_1,"Pictor","HIP32607_Pictor","HIP27530_Pictor","6.803181","-61.941392","5.830462","-56.166663"
Pictor_2,"Pictor","HIP27530_Pictor","HIP27321_Pictor","5.830462","-56.166663","5.788080","-51.066514"
PiscisAustrinus_1,"PiscisAustrinus","Fomalhaut_PiscisAustrinus","HIP113246_PiscisAustrinus","22.960846","-29.622236","22.932472","-32.539628"
PiscisAustrinus_2,"PiscisAustrinus","HIP113246_PiscisAustrinus","HIP112948_PiscisAustrinus","22.932472","-32.539628","22.875426","-32.875504"
PiscisAustrinus_3,"PiscisAustrinus","HIP112948_PiscisAustrinus","FumalHui_PiscisAustrinus","22.875426","-32.875504","22.525092","-32.346073"
PiscisAustrinus_4,"PiscisAustrinus","FumalHui_PiscisAustrinus","HIP109285_PiscisAustrinus","22.525092","-32.346073","22.139725","-32.988468"
PiscisAustrinus_5,"PiscisAustrinus","HIP109285_PiscisAustrinus","HIP107380_PiscisAustrinus","22.139725","-32.988468","21.749114","-33.025782"
PiscisAustrinus_6,"PiscisAustrinus","HIP107380_PiscisAustrinus","HIP107608_PiscisAustrinus","21.749114","-33.025782","21.795597","-30.898304"
PiscisAustrinus_7,"PiscisAustrinus","HIP107608_PiscisAustrinus","HIP109285_PiscisAustrinus","21.795597","-30.898304","22.139725","-32.988468"
PiscisAustrinus_8,"PiscisAustrinus","HIP109285_PiscisAustrinus","HIP111954_PiscisAustrinus","22.139725","-32.988468","22.677594","-27.043617"
PiscisAustrinus_9,"PiscisAustrinus","HIP111954_PiscisAustrinus","Fomalhaut_PiscisAustrinus","22.677594","-27.043617","22.960846","-29.622236"
Pisces_1,"Pisces","HIP5742_Pisces","HIP6193_Pisces","1.229152","24.583713","1.324443","27.264059"
Pisces_2,"Pisces","HIP6193_Pisces","HIP5586_Pisces","1.324443","27.264059","1.194344","30.089638"
Pisces_3,"Pisces","HIP5586_Pisces","HIP5742_Pisces","1.194344","30.089638","1.229152","24.583713"
Pisces_4,"Pisces","HIP5742_Pisces","Alpherg_Pisces","1.229152","24.583713","1.524725","15.345823"
Pisces_5,"Pisces","Alpherg_Pisces","Torcular_Pisces","1.524725","15.345823","1.756564","9.157736"
Pisces_6,"Pisces","Torcular_Pisces","Alrescha_Pisces","1.756564","9.157736","2.034117","2.763759"
Pisces_7,"Pisces","Alrescha_Pisces","HIP7884_Pisces","2.034117","2.763759","1.690526","5.487613"
Pisces_8,"Pisces","HIP7884_Pisces","HIP4906_Pisces","1.690526","5.487613","1.049058","7.890135"
Pisces_9,"Pisces","HIP4906_Pisces","KutonI_Pisces","1.049058","7.890135","0.811373","7.585079"
Pisces_10,"Pisces","KutonI_Pisces","HIP118268_Pisces","0.811373","7.585079","23.988525","6.863321"
Pisces_11,"Pisces","HIP118268_Pisces","HIP116771_Pisces","23.988525","6.863321","23.665845","5.626292"
Pisces_12,"Pisces","HIP116771_Pisces","HIP115830_Pisces","23.665845","5.626292","23.466138","6.378992"
Pisces_13,"Pisces","HIP115830_Pisces","HIP114971_Pisces","23.466138","6.378992","23.286094","3.282289"
Pisces_14,"Pisces","HIP114971_Pisces","HIP115738_Pisces","23.286094","3.282289","23.448876","1.255608"
Pisces_15,"Pisces","HIP115738_Pisces","HIP116928_Pisces","23.448876","1.255608","23.700779","1.780041"
Pisces_16,"Pisces","HIP116928_Pisces","HIP116771_Pisces","23.700779","1.780041","23.665845","5.626292"
Puppis_1,"Puppis","Regor_Puppis","Naos_Puppis","8.158875","-47.336588","8.059735","-40.003148"
Puppis_2,"Puppis","Naos_Puppis","Tureis_Puppis","8.059735","-40.003148","8.125736","-24.304324"
Puppis_3,"Puppis","Tureis_Puppis","Azmidi_Puppis","8.125736","-24.304324","7.821571","-24.859786"
Puppis_4,"Puppis","Azmidi_Puppis","HIP37229_Puppis","7.821571","-24.859786","7.647186","-26.803836"
Puppis_5,"Puppis","HIP37229_Puppis","HIP36917_Puppis","7.647186","-26.803836","7.589692","-28.369323"
Puppis_6,"Puppis","HIP36917_Puppis","HIP35264_Puppis","7.589692","-28.369323","7.285710","-37.097470"
Puppis_7,"Puppis","HIP35264_Puppis","HIP31685_Puppis","7.285710","-37.097470","6.629353","-43.195934"
Puppis_8,"Puppis","HIP31685_Puppis","Canopus_Puppis","6.629353","-43.195934","6.399197","-52.695660"
Puppis_9,"Puppis","HIP36917_Puppis","HIP37677_Puppis","7.589692","-28.369323","7.730130","-28.954826"
Puppis_10,"Puppis","HIP37677_Puppis","HIP38070_Puppis","7.730130","-28.954826","7.801436","-25.937169"
Puppis_11,"Puppis","HIP38070_Puppis","Azmidi_Puppis","7.801436","-25.937169","7.821571","-24.859786"
Pyxis_1,"Pyxis","Naos_Pyxis","HIP42515_Pyxis","8.059735","-40.003148","8.668373","-35.308352"
Pyxis_2,"Pyxis","HIP42515_Pyxis","HIP42828_Pyxis","8.668373","-35.308352","8.726538","-33.186386"
Pyxis_3,"Pyxis","HIP42828_Pyxis","HIP43409_Pyxis","8.726538","-33.186386","8.842201","-27.709844"
Reticulum_1,"Reticulum","HIP19780_Reticulum","HIP17440_Reticulum","4.240412","-62.473858","3.736660","-64.806903"
Reticulum_2,"Reticulum","HIP17440_Reticulum","HIP18597_Reticulum","3.736660","-64.806903","3.979097","-61.400186"
Reticulum_3,"Reticulum","HIP18597_Reticulum","HIP19921_Reticulum","3.979097","-61.400186","4.274730","-59.302156"
Reticulum_4,"Reticulum","HIP19921_Reticulum","HIP19780_Reticulum","4.274730","-59.302156","4.240412","-62.473858"
Sculptor_1,"Sculptor","HIP4577_Sculptor","HIP117452_Sculptor","0.976767","-29.357449","23.815429","-28.130268"
Sculptor_2,"Sculptor","HIP117452_Sculptor","HIP115102_Sculptor","23.815429","-28.130268","23.313733","-32.532027"
Sculptor_3,"Sculptor","HIP115102_Sculptor","HIP116231_Sculptor","23.313733","-32.532027","23.549516","-37.818268"
Scorpius_1,"Scorpius","Acrab_Scorpius","Dschubba_Scorpius","16.090620","-19.805453","16.005557","-22.621710"
Scorpius_2,"Scorpius","Dschubba_Scorpius","Fang_Scorpius","16.005557","-22.621710","15.980865","-26.114105"
Scorpius_3,"Scorpius","Dschubba_Scorpius","Alniyat_Scorpius","16.005557","-22.621710","16.353143","-25.592796"
Scorpius_4,"Scorpius","Alniyat_Scorpius","Antares_Scorpius","16.353143","-25.592796","16.490128","-26.432002"
Scorpius_5,"Scorpius","Antares_Scorpius","Paikauhale_Scorpius","16.490128","-26.432002","16.598043","-28.216016"
Scorpius_6,"Scorpius","Paikauhale_Scorpius","Larawag_Scorpius","16.598043","-28.216016","16.836059","-34.293232"
Scorpius_7,"Scorpius","Larawag_Scorpius","Xamidimura_Scorpius","16.836059","-34.293232","16.864509","-38.047380"
Scorpius_8,"Scorpius","Xamidimura_Scorpius","HIP82729_Scorpius","16.864509","-38.047380","16.909724","-42.361313"
Scorpius_9,"Scorpius","HIP82729_Scorpius","HIP84143_Scorpius","16.909724","-42.361313","17.202554","-43.239189"
Scorpius_10,"Scorpius","HIP84143_Scorpius","Sargas_Scorpius","17.202554","-43.239189","17.621981","-42.997824"
Scorpius_11,"Scorpius","Sargas_Scorpius","Girtab_Scorpius","17.621981","-42.997824","17.793078","-40.126998"
Scorpius_12,"Scorpius","Girtab_Scorpius","Mula_Scorpius","17.793078","-40.126998","17.708132","-39.029983"
Scorpius_13,"Scorpius","Mula_Scorpius","Lesath_Scorpius","17.708132","-39.029983","17.512732","-37.295811"
Scorpius_14,"Scorpius","Lesath_Scorpius","Shaula_Scorpius","17.512732","-37.295811","17.560144","-37.103821"
Scorpius_15,"Scorpius","Shaula_Scorpius","Fuyue_Scorpius","17.560144","-37.103821","17.830967","-37.043304"
Scorpius_16,"Scorpius","Acrab_Scorpius","Jabbah_Scorpius","16.090620","-19.805453","16.199926","-19.460708"
Scorpius_17,"Scorpius","Fang_Scorpius","Iklil_Scorpius","15.980865","-26.114105","15.948077","-29.214073"
Scutum_1,"Scutum","HIP92175_Scutum","HIP91117_Scutum","18.786242","-4.747867","18.586785","-8.244073"
Scutum_2,"Scutum","HIP91117_Scutum","HIP90595_Scutum","18.586785","-8.244073","18.486626","-14.565813"
Scutum_3,"Scutum","HIP90595_Scutum","HIP91726_Scutum","18.486626","-14.565813","18.704563","-9.052549"
Scutum_4,"Scutum","HIP91726_Scutum","HIP92175_Scutum","18.704563","-9.052549","18.786242","-4.747867"
Serpens_1,"Serpens","NasakShamiyaI_Serpens","NasakShamiyaII_Serpens","15.769793","15.421826","15.940884","15.661617"
Serpens_2,"Serpens","NasakShamiyaII_Serpens","Gudja_Serpens","15.940884","15.661617","15.812327","18.141564"
Serpens_3,"Serpens","Gudja_Serpens","HIP76852_Serpens","15.812327","18.141564","15.692515","19.670401"
Serpens_4,"Serpens","HIP76852_Serpens","NasakShamiyaI_Serpens","15.692515","19.670401","15.769793","15.421826"
Serpens_5,"Serpens","NasakShamiyaI_Serpens","NasakYamaniI_Serpens","15.769793","15.421826","15.580041","10.538867"
Serpens_6,"Serpens","NasakYamaniI_Serpens","Unukalhai_Serpens","15.580041","10.538867","15.737799","6.425627"
Serpens_7,"Serpens","Unukalhai_Serpens","NasakYamaniII_Serpens","15.737799","6.425627","15.846935","4.477730"
Serpens_8,"Serpens","NasakYamaniII_Serpens","HIP77516_Serpens","15.846935","4.477730","15.827002","-3.430208"
Serpens_9,"Serpens","HIP77516_Serpens","YedPrior_Serpens","15.827002","-3.430208","16.239094","-3.694323"
Serpens_10,"Serpens","Sabik_Serpens","HIP86263_Serpens","17.172969","-15.724910","17.626445","-15.398557"
Serpens_11,"Serpens","HIP86263_Serpens","HIP88048_Serpens","17.626445","-15.398557","17.983775","-9.773632"
Serpens_12,"Serpens","HIP88048_Serpens","HIP89962_Serpens","17.983775","-9.773632","18.355167","-2.898825"
Serpens_13,"Serpens","HIP89962_Serpens","Alya_Serpens","18.355167","-2.898825","18.936995","4.203595"
Sextans_1,"Sextans","HIP48437_Sextans","HIP49641_Sextans","9.875121","-8.105030","10.132300","-0.371637"
Sextans_2,"Sextans","HIP49641_Sextans","HIP51437_Sextans","10.132300","-0.371637","10.504855","-0.637026"
Sextans_3,"Sextans","HIP51437_Sextans","HIP51362_Sextans","10.504855","-0.637026","10.491306","-2.739078"
Sagitta_1,"Sagitta","HIP98337_Sagitta","HIP97365_Sagitta","19.979285","19.492148","19.789795","18.534286"
Sagitta_2,"Sagitta","HIP97365_Sagitta","Sham_Sagitta","19.789795","18.534286","19.668276","18.013890"
Sagitta_3,"Sagitta","HIP97365_Sagitta","HIP96837_Sagitta","19.789795","18.534286","19.684150","17.476041"
Sagittarius_1,"Sagittarius","KausAustralis_Sagittarius","Alnasl_Sagittarius","18.402866","-34.384616","18.096802","-30.424091"
Sagittarius_2,"Sagittarius","Alnasl_Sagittarius","KausMedia_Sagittarius","18.096802","-30.424091","18.349900","-29.828103"
Sagittarius_3,"Sagittarius","KausMedia_Sagittarius","KausAustralis_Sagittarius","18.349900","-29.828103","18.402866","-34.384616"
Sagittarius_4,"Sagittarius","KausMedia_Sagittarius","KausBorealis_Sagittarius","18.349900","-29.828103","18.466178","-25.421700"
Sagittarius_5,"Sagittarius","KausBorealis_Sagittarius","NamalsadirahI_Sagittarius","18.466178","-25.421700","18.760941","-26.990778"
Sagittarius_6,"Sagittarius","NamalsadirahI_Sagittarius","KausMedia_Sagittarius","18.760941","-26.990778","18.349900","-29.828103"
Sagittarius_7,"Sagittarius","NamalsadirahI_Sagittarius","Nunki_Sagittarius","18.760941","-26.990778","18.921090","-26.296722"
Sagittarius_8,"Sagittarius","Nunki_Sagittarius","NamalsadirahII_Sagittarius","18.921090","-26.296722","19.115669","-27.670423"
Sagittarius_9,"Sagittarius","NamalsadirahII_Sagittarius","Ascella_Sagittarius","19.115669","-27.670423","19.043532","-29.880105"
Sagittarius_10,"Sagittarius","Ascella_Sagittarius","NamalsadirahI_Sagittarius","19.043532","-29.880105","18.760941","-26.990778"
Sagittarius_11,"Sagittarius","Ascella_Sagittarius","KausAustralis_Sagittarius","19.043532","-29.880105","18.402866","-34.384616"
Sagittarius_12,"Sagittarius","KausAustralis_Sagittarius","Hamalwarid_Sagittarius","18.402866","-34.384616","18.293788","-36.761686"
Sagittarius_13,"Sagittarius","KausBorealis_Sagittarius","Polis_Sagittarius","18.466178","-25.421700","18.229392","-21.058834"
Sagittarius_14,"Sagittarius","HIP95168_Sagittarius","Albaldah_Sagittarius","19.361211","-17.847197","19.162731","-21.023615"
Sagittarius_15,"Sagittarius","Albaldah_Sagittarius","HIP93683_Sagittarius","19.162731","-21.023615","19.078050","-21.741496"
Sagittarius_16,"Sagittarius","HIP93683_Sagittarius","HIP93085_Sagittarius","19.078050","-21.741496","18.962167","-21.106654"
Sagittarius_17,"Sagittarius","HIP93085_Sagittarius","Albaldah_Sagittarius","18.962167","-21.106654","19.162731","-21.023615"
Telescopium_1,"Telescopium","HIP89112_Telescopium","HIP90422_Telescopium","18.187156","-45.954418","18.449560","-45.968459"
Telescopium_2,"Telescopium","HIP90422_Telescopium","HIP90568_Telescopium","18.449560","-45.968459","18.480516","-49.070588"
TriangulumAustrale_1,"TriangulumAustrale","Atria_TriangulumAustrale","HIP77952_TriangulumAustrale","16.811082","-69.027715","15.919045","-63.430727"
TriangulumAustrale_2,"TriangulumAustrale","HIP77952_TriangulumAustrale","HIP76440_TriangulumAustrale","15.919045","-63.430727","15.612006","-66.317038"
TriangulumAustrale_3,"TriangulumAustrale","HIP76440_TriangulumAustrale","HIP74946_TriangulumAustrale","15.612006","-66.317038","15.315162","-68.679545"
TriangulumAustrale_4,"TriangulumAustrale","HIP74946_TriangulumAustrale","Atria_TriangulumAustrale","15.315162","-68.679545","16.811082","-69.027715"
Triangulum_1,"Triangulum","Mothallah_Triangulum","Mizan_Triangulum","1.884697","29.578829","2.159063","34.987297"
Triangulum_2,"Triangulum","Mizan_Triangulum","HIP10670_Triangulum","2.159063","34.987297","2.288574","33.847194"
Triangulum_3,"Triangulum","HIP10670_Triangulum","Mothallah_Triangulum","2.288574","33.847194","1.884697","29.578829"
Tucana_1,"Tucana","HIP2484_Tucana","HIP1599_Tucana","0.525741","-62.958218","0.334517","-64.874790"
Tucana_2,"Tucana","HIP1599_Tucana","HIP118322_Tucana","0.334517","-64.874790","23.998605","-65.577132"
Tucana_3,"Tucana","HIP118322_Tucana","HIP110838_Tucana","23.998605","-65.577132","22.455547","-64.966354"
Tucana_4,"Tucana","HIP110838_Tucana","HIP110130_Tucana","22.455547","-64.966354","22.308359","-60.259588"
Tucana_5,"Tucana","HIP110130_Tucana","HIP114996_Tucana","22.308359","-60.259588","23.290493","-58.235734"
Tucana_6,"Tucana","HIP114996_Tucana","HIP2484_Tucana","23.290493","-58.235734","0.525741","-62.958218"
UrsaMajor_1,"UrsaMajor","Phecda_UrsaMajor","Taiyangshou_UrsaMajor","11.897180","53.694760","11.767504","47.779406"
UrsaMajor_2,"UrsaMajor","Taiyangshou_UrsaMajor","HIP54539_UrsaMajor","11.767504","47.779406","11.161058","44.498487"
UrsaMajor_3,"UrsaMajor","HIP54539_UrsaMajor","TaniaAustralis_UrsaMajor","11.161058","44.498487","10.372150","41.499516"
UrsaMajor_4,"UrsaMajor","TaniaAustralis_UrsaMajor","TaniaBorealis_UrsaMajor","10.372150","41.499516","10.284942","42.914365"
UrsaMajor_5,"UrsaMajor","Taiyangshou_UrsaMajor","AlulaBorealis_UrsaMajor","11.767504","47.779406","11.307982","33.094306"
UrsaMajor_6,"UrsaMajor","AlulaBorealis_UrsaMajor","AlulaAustralis_UrsaMajor","11.307982","33.094306","11.303037","31.529289"
UrsaMajor_7,"UrsaMajor","Megrez_UrsaMajor","Dubhe_UrsaMajor","12.257100","57.032617","11.062130","61.751033"
UrsaMajor_8,"UrsaMajor","Dubhe_UrsaMajor","Merak_UrsaMajor","11.062130","61.751033","11.030688","56.382427"
UrsaMajor_9,"UrsaMajor","Merak_UrsaMajor","Phecda_UrsaMajor","11.030688","56.382427","11.897180","53.694760"
UrsaMajor_10,"UrsaMajor","Phecda_UrsaMajor","Megrez_UrsaMajor","11.897180","53.694760","12.257100","57.032617"
UrsaMajor_11,"UrsaMajor","Megrez_UrsaMajor","Alioth_UrsaMajor","12.257100","57.032617","12.900486","55.959821"
UrsaMajor_12,"UrsaMajor","Alioth_UrsaMajor","Mizar_UrsaMajor","12.900486","55.959821","13.398762","54.925362"
UrsaMajor_13,"UrsaMajor","Mizar_UrsaMajor","Alkaid_UrsaMajor","13.398762","54.925362","13.792344","49.313265"
UrsaMajor_14,"UrsaMajor","Dubhe_UrsaMajor","AlhaudIV_UrsaMajor","11.062130","61.751033","9.525474","63.061861"
UrsaMajor_15,"UrsaMajor","AlhaudIV_UrsaMajor","AlhaudVI_UrsaMajor","9.525474","63.061861","9.849822","59.038736"
UrsaMajor_16,"UrsaMajor","AlhaudIV_UrsaMajor","Muscida_UrsaMajor","9.525474","63.061861","8.504408","60.718169"
UrsaMajor_17,"UrsaMajor","Muscida_UrsaMajor","AlhaudVI_UrsaMajor","8.504408","60.718169","9.849822","59.038736"
UrsaMajor_18,"UrsaMajor","AlhaudVI_UrsaMajor","Merak_UrsaMajor","9.849822","59.038736","11.030688","56.382427"
UrsaMajor_19,"UrsaMajor","AlhaudVI_UrsaMajor","AlhaudV_UrsaMajor","9.849822","59.038736","9.547621","51.677300"
UrsaMajor_20,"UrsaMajor","AlhaudV_UrsaMajor","Alkaphrah_UrsaMajor","9.547621","51.677300","9.060424","47.156525"
UrsaMajor_21,"UrsaMajor","Alkaphrah_UrsaMajor","Talitha_UrsaMajor","9.060424","47.156525","8.986793","48.041826"
UrsaMinor_1,"UrsaMinor","Polaris_UrsaMinor","Yildun_UrsaMinor","2.530301","89.264110","17.536945","86.586460"
UrsaMinor_2,"UrsaMinor","Yildun_UrsaMinor","Circitores_UrsaMinor","17.536945","86.586460","16.766179","82.037262"
UrsaMinor_3,"UrsaMinor","Circitores_UrsaMinor","AkfaFarkadain_UrsaMinor","16.766179","82.037262","15.734311","77.794493"
UrsaMinor_4,"UrsaMinor","AkfaFarkadain_UrsaMinor","HIP79822_UrsaMinor","15.734311","77.794493","16.291747","75.755330"
UrsaMinor_5,"UrsaMinor","HIP79822_UrsaMinor","Pherkad_UrsaMinor","16.291747","75.755330","15.345477","71.834016"
UrsaMinor_6,"UrsaMinor","Pherkad_UrsaMinor","Kochab_UrsaMinor","15.345477","71.834016","14.845091","74.155505"
UrsaMinor_7,"UrsaMinor","Kochab_UrsaMinor","AkfaFarkadain_UrsaMinor","14.845091","74.155505","15.734311","77.794493"
Vela_1,"Vela","Alsephina_Vela","Regor_Vela","8.745063","-54.708821","8.158875","-47.336588"
Vela_2,"Vela","Regor_Vela","Suhail_Vela","8.158875","-47.336588","9.133266","-43.432589"
Vela_3,"Vela","Suhail_Vela","HIP46651_Vela","9.133266","-43.432589","9.511667","-40.466769"
Vela_4,"Vela","HIP46651_Vela","HIP50191_Vela","9.511667","-40.466769","10.245599","-42.121942"
Vela_5,"Vela","HIP50191_Vela","HIP52727_Vela","10.245599","-42.121942","10.779494","-49.420255"
Vela_6,"Vela","HIP52727_Vela","HIP48774_Vela","10.779494","-49.420255","9.947706","-54.567790"
Vela_7,"Vela","HIP48774_Vela","Markeb_Vela","9.947706","-54.567790","9.368561","-55.010668"
Vela_8,"Vela","Markeb_Vela","Alsephina_Vela","9.368561","-55.010668","8.745063","-54.708821"
Virgo_1,"Virgo","Zaniah_Virgo","HIP58948_Virgo","12.331766","-0.666803","12.086817","8.732985"
Virgo_2,"Virgo","HIP58948_Virgo","HIP57380_Virgo","12.086817","8.732985","11.764322","6.529376"
Virgo_3,"Virgo","HIP57380_Virgo","Zavijava_Virgo","11.764322","6.529376","11.844922","1.764718"
Virgo_4,"Virgo","Zavijava_Virgo","Zaniah_Virgo","11.844922","1.764718","12.331766","-0.666803"
Virgo_5,"Virgo","Zaniah_Virgo","Porrima_Virgo","12.331766","-0.666803","12.694345","-1.449375"
Virgo_6,"Virgo","Porrima_Virgo","Minelauva_Virgo","12.694345","-1.449375","12.926724","3.397470"
Virgo_7,"Virgo","Minelauva_Virgo","Vindemiatrix_Virgo","12.926724","3.397470","13.036277","10.959150"
Virgo_8,"Virgo","Porrima_Virgo","HIP64238_Virgo","12.694345","-1.449375","13.165831","-5.539010"
Virgo_9,"Virgo","HIP64238_Virgo","Spica_Virgo","13.165831","-5.539010","13.419883","-11.161322"
Virgo_10,"Virgo","Porrima_Virgo","Heze_Virgo","12.694345","-1.449375","13.578220","-0.595820"
Virgo_11,"Virgo","Heze_Virgo","HIP68520_Virgo","13.578220","-0.595820","14.027443","1.544532"
Virgo_12,"Virgo","HIP68520_Virgo","HIP72220_Virgo","14.027443","1.544532","14.770812","1.892885"
Virgo_13,"Virgo","Heze_Virgo","Syrma_Virgo","13.578220","-0.595820","14.266908","-6.000547"
Virgo_14,"Virgo","Syrma_Virgo","RijlalAwwa_Virgo","14.266908","-6.000547","14.717673","-5.658207"
Volans_1,"Volans","HIP44382_Volans","HIP41312_Volans","9.040777","-66.396077","8.428943","-66.136890"
Volans_2,"Volans","HIP41312_Volans","HIP39794_Volans","8.428943","-66.136890","8.132165","-68.617062"
Volans_3,"Volans","HIP39794_Volans","HIP35228_Volans","8.132165","-68.617062","7.280507","-67.957152"
Volans_4,"Volans","HIP35228_Volans","HIP34481_Volans","7.280507","-67.957152","7.145796","-70.498932"
Volans_5,"Volans","HIP34481_Volans","HIP39794_Volans","7.145796","-70.498932","8.132165","-68.617062"
Volans_6,"Volans","HIP39794_Volans","HIP44382_Volans","8.132165","-68.617062","9.040777","-66.396077"
Vulpecula_1,"Vulpecula","Anser_Vulpecula","HIP97886_Vulpecula","19.478425","24.664905","19.891026","24.079614"
